ID,CHECKLIST_ID,QUESTION_NUMBER,QUESTION_TEXT,INPUT_TYPE,IS_VALUE_REQUIRED,OPTIONAL,ACTIVE,CREATED_AT,UPDATED_AT
b3c74e2b-6ad1-4f58-9184-d9b90b06e2a1,ecc6bbce-a8cb-4e80-9beb-6c72024ff3c2,1,"Volume of Concrete",Text,TRUE,FALSE,TRUE,2025-10-26T10:30:00,2025-10-26T10:30:00
b3c74e2b-6ad1-4f58-9184-d9b90b06e2a2,ecc6bbce-a8cb-4e80-9beb-6c72024ff3c2,2,"Grade Of Concrete",Text,TRUE,FALSE,TRUE,2025-10-26T10:30:00,2025-10-26T10:30:00
b3c74e2b-6ad1-4f58-9184-d9b90b06e2a3,ecc6bbce-a8cb-4e80-9beb-6c72024ff3c2,3,"Slump Check",Text,TRUE,FALSE,TRUE,2025-10-26T10:30:00,2025-10-26T10:30:00
b3c74e2b-6ad1-4f58-9184-d9b90b06e2a4,ecc6bbce-a8cb-4e80-9beb-6c72024ff3c2,4,"Temperature Check",Text,TRUE,FALSE,TRUE,2025-10-26T10:30:00,2025-10-26T10:30:00
b3c74e2b-6ad1-4f58-9184-d9b90b06e2a5,ecc6bbce-a8cb-4e80-9beb-6c72024ff3c2,5,"Concrete Placement: Manual/ Pump/ Chute/ Placer Boom",Text,TRUE,FALSE,TRUE,2025-10-26T10:30:00,2025-10-26T10:30:00
b3c74e2b-6ad1-4f58-9184-d9b90b06e2a6,ecc6bbce-a8cb-4e80-9beb-6c72024ff3c2,6,"Completeness of Excavation, Dressing & Leveling",Text,TRUE,FALSE,TRUE,2025-10-26T10:30:00,2025-10-26T10:30:00
b3c74e2b-6ad1-4f58-9184-d9b90b06e2a7,ecc6bbce-a8cb-4e80-9beb-6c72024ff3c2,7,"Cleanliness of the Area",Text,TRUE,FALSE,TRUE,2025-10-26T10:30:00,2025-10-26T10:30:00
b3c74e2b-6ad1-4f58-9184-d9b90b06e2a8,ecc6bbce-a8cb-4e80-9beb-6c72024ff3c2,8,"Cleanliness & Roughness of Construction Joint",Text,TRUE,FALSE,TRUE,2025-10-26T10:30:00,2025-10-26T10:30:00
b3c74e2b-6ad1-4f58-9184-d9b90b06e2a9,ecc6bbce-a8cb-4e80-9beb-6c72024ff3c2,9,"Check of Shuttering Form for water tightness",Text,TRUE,FALSE,TRUE,2025-10-26T10:30:00,2025-10-26T10:30:00
b3c74e2b-6ad1-4f58-9184-d9b90b06e2a0,ecc6bbce-a8cb-4e80-9beb-6c72024ff3c2,10,"Provision of Form work for Construction Joint",Text,TRUE,FALSE,TRUE,2025-10-26T10:30:00,2025-10-26T10:30:00
b3c74e2b-6ad1-4f58-9184-d9b90b06e212,ecc6bbce-a8cb-4e80-9beb-6c72024ff3c2,11,"Approved Design Data for Shuttering Form & Staging",Text,TRUE,FALSE,TRUE,2025-10-26T10:30:00,2025-10-26T10:30:00
b3c74e2b-6ad1-4f58-9184-d9b90b06e222,ecc6bbce-a8cb-4e80-9beb-6c72024ff3c2,12,"Reinforcement laying, tying, spacing, clear cover and adequate chairs as per prg,/ BBS",Text,TRUE,FALSE,TRUE,2025-10-26T10:30:00,2025-10-26T10:30:00
b3c74e2b-6ad1-4f58-9184-d9b90b06e232,ecc6bbce-a8cb-4e80-9beb-6c72024ff3c2,13,"Embedded Parts (Phy Verification & Dim. Check)",Text,TRUE,FALSE,TRUE,2025-10-26T10:30:00,2025-10-26T10:30:00
b3c74e2b-6ad1-4f58-9184-d9b90b06e242,ecc6bbce-a8cb-4e80-9beb-6c72024ff3c2,14,"Pockets for Foundation Bolts",Text,TRUE,FALSE,TRUE,2025-10-26T10:30:00,2025-10-26T10:30:00
b3c74e2b-6ad1-4f58-9184-d9b90b06e252,ecc6bbce-a8cb-4e80-9beb-6c72024ff3c2,15,"Provision of Water Stopper in Construction/ Expansion Joint as per Drg",Text,TRUE,FALSE,TRUE,2025-10-26T10:30:00,2025-10-26T10:30:00
b3c74e2b-6ad1-4f58-9184-d9b90b06e262,ecc6bbce-a8cb-4e80-9beb-6c72024ff3c2,16,"waterproofing membrane (If any)",Text,TRUE,FALSE,TRUE,2025-10-26T10:30:00,2025-10-26T10:30:00
b3c74e2b-6ad1-4f58-9184-d9b90b06e272,ecc6bbce-a8cb-4e80-9beb-6c72024ff3c2,17,"Adequacy of Approved Raw material (i.e. Cement CA, FA Plasticizer & Water)",Text,TRUE,FALSE,TRUE,2025-10-26T10:30:00,2025-10-26T10:30:00
b3c74e2b-6ad1-4f58-9184-d9b90b06e282,ecc6bbce-a8cb-4e80-9beb-6c72024ff3c2,18,"Adequacy of Machinery/ Equipments (i.e. Vibrators, Compactors, Thermometers & Thermocouples)",Text,TRUE,FALSE,TRUE,2025-10-26T10:30:00,2025-10-26T10:30:00
b3c74e2b-6ad1-4f58-9184-d9b90b06e292,ecc6bbce-a8cb-4e80-9beb-6c72024ff3c2,19,"Lighting arrangement (Concrete pour during Night)",Text,TRUE,FALSE,TRUE,2025-10-26T10:30:00,2025-10-26T10:30:00
b3c74e2b-6ad1-4f58-9184-d9b90b06e202,33261db7-0255-494b-a0ab-fdeda3c0333e,1,"Is Curing of Concrete element Commenced?",Text,TRUE,FALSE,TRUE,2025-10-26T10:30:00,2025-10-26T10:30:00
c6e38750-2a01-4bbc-a59a-1dc97df25b90,33261db7-0255-494b-a0ab-fdeda3c0333e,2,"Actual Dimension of Concrete element after de‐shuttering.",Text,TRUE,FALSE,TRUE,2025-10-26T10:30:00,2025-10-26T10:30:00
c6a2a809-172f-4972-9843-e0ba278374e5,33261db7-0255-494b-a0ab-fdeda3c0333e,3,"Actual Top level of Concrete.",Text,TRUE,FALSE,TRUE,2025-10-26T10:30:00,2025-10-26T10:30:00
0caea999-c798-4c83-883d-098ca17ba34a,33261db7-0255-494b-a0ab-fdeda3c0333e,4,"Tolerance observed in dimensions of Concrete Element.",Text,TRUE,FALSE,TRUE,2025-10-26T10:30:00,2025-10-26T10:30:00
4506d146-8075-406c-849d-b1da0bd20d81,33261db7-0255-494b-a0ab-fdeda3c0333e,5,"Embedded Parts (Phy. Verification & Dim. Check) including Bolts. Level, Location, Orientation, Physical Condition etc. As Built drg. shall be prepared showing level, location, Orientation of Embedded Parts.",Text,TRUE,FALSE,TRUE,2025-10-26T10:30:00,2025-10-26T10:30:00
bbb1161a-481d-41d3-a11e-34652dab0108,33261db7-0255-494b-a0ab-fdeda3c0333e,6,"Dimension, level, orientation of any type of Pockets left in concrete.",Text,TRUE,FALSE,TRUE,2025-10-26T10:30:00,2025-10-26T10:30:00
23a25e46-a138-4c2b-96be-e0b6f6001322,33261db7-0255-494b-a0ab-fdeda3c0333e,7,"Major Honey Comb observed in Concrete.",Text,TRUE,FALSE,TRUE,2025-10-26T10:30:00,2025-10-26T10:30:00
6cb3500a-1b43-4fde-8fc0-86ee17f4d0d4,33261db7-0255-494b-a0ab-fdeda3c0333e,8,"Any bulging of concrete surface observed.",Text,TRUE,FALSE,TRUE,2025-10-26T10:30:00,2025-10-26T10:30:00
7c6abd48-cded-452a-860c-8bb448370373,33261db7-0255-494b-a0ab-fdeda3c0333e,9,"Commencement  of  Roughness  &  Cleanliness  at  Construction  Joint for further construction.",Text,TRUE,FALSE,TRUE,2025-10-26T10:30:00,2025-10-26T10:30:00
cc3135c8-5e3f-4abe-862f-cceaf9d00503,4dca65ba-283d-49be-9ef8-a9c2e257cfcb,1,"Bench Mark / GPS Co-ordinates / Reference Point Co-ordinates ",Text,TRUE,FALSE,TRUE,2025-10-26T10:30:00,2025-10-26T10:30:00
fdb4113e-9ac1-4d28-b571-b04cb3fcf88d,4dca65ba-283d-49be-9ef8-a9c2e257cfcb,2,"Marking of Pile  ( Northing  & Easting  )",Text,TRUE,FALSE,TRUE,2025-10-26T10:30:00,2025-10-26T10:30:00
346d31da-0471-4fad-b2fc-ca878300d742,2812cba4-bcce-4441-b150-88ccb3bacedc,1,"Diameter of Pile ( MM )",Text,TRUE,FALSE,TRUE,2025-10-26T10:30:00,2025-10-26T10:30:00
bd22e449-a0d4-4e34-ab4e-c29e36d963b5,2812cba4-bcce-4441-b150-88ccb3bacedc,2,"Depth of Bore ( form NGL) - (MM)",Text,TRUE,FALSE,TRUE,2025-10-26T10:30:00,2025-10-26T10:30:00
4ce4986d-ac11-4560-832c-31ea83542329,2812cba4-bcce-4441-b150-88ccb3bacedc,3,"C/C Bore to Bore Distance - (MM)",Text,TRUE,FALSE,TRUE,2025-10-26T10:30:00,2025-10-26T10:30:00
6d285244-a1f4-4bee-a07e-9d42de2740f4,2812cba4-bcce-4441-b150-88ccb3bacedc,4,"Template Fixing / Position",Text,TRUE,FALSE,TRUE,2025-10-26T10:30:00,2025-10-26T10:30:00
9a82cfc9-87cb-4b1a-ae39-73b1afe5ea67,2812cba4-bcce-4441-b150-88ccb3bacedc,5,"Pile Distance ( P1 to P2 ) - ( MM )",Text,TRUE,FALSE,TRUE,2025-10-26T10:30:00,2025-10-26T10:30:00
110e4251-0795-4edc-a3ea-d1c7c2ecb86b,2812cba4-bcce-4441-b150-88ccb3bacedc,6,"Pile Distance ( Row to Row ) - ( MM )",Text,TRUE,FALSE,TRUE,2025-10-26T10:30:00,2025-10-26T10:30:00
15177c93-59a9-4de6-86a8-d5dc63f9870e,2812cba4-bcce-4441-b150-88ccb3bacedc,7,"Column Post Height above Ground Level ( MM )",Text,TRUE,FALSE,TRUE,2025-10-26T10:30:00,2025-10-26T10:30:00
e2831d05-01cc-40b8-9be7-0c1c18ba308a,2812cba4-bcce-4441-b150-88ccb3bacedc,8,"Top level Height Variation ( Within Table ) ( MM )",Text,TRUE,FALSE,TRUE,2025-10-26T10:30:00,2025-10-26T10:30:00
24cb5256-335a-4ea8-b614-6f159b8a4a33,2812cba4-bcce-4441-b150-88ccb3bacedc,9,"Column Post Tilt / Plumb ( E-W & N-S Direction)",Text,TRUE,FALSE,TRUE,2025-10-26T10:30:00,2025-10-26T10:30:00
b1b1d890-ae51-47d3-9863-2f2b90d1f325,2812cba4-bcce-4441-b150-88ccb3bacedc,10,"Clear Cover ( MM )",Text,TRUE,FALSE,TRUE,2025-10-26T10:30:00,2025-10-26T10:30:00
5aed1e02-b5bd-4394-ab93-097560f77115,2812cba4-bcce-4441-b150-88ccb3bacedc,11,"Grade of Concrete ",Text,TRUE,FALSE,TRUE,2025-10-26T10:30:00,2025-10-26T10:30:00
55f2022c-d1fa-4e65-9833-59b396ba1812,2812cba4-bcce-4441-b150-88ccb3bacedc,12,"Slump at pouring stage ",Text,TRUE,FALSE,TRUE,2025-10-26T10:30:00,2025-10-26T10:30:00
9b8e5b03-0082-4806-ac29-838b88b245d9,2812cba4-bcce-4441-b150-88ccb3bacedc,13,"Cube Sampling / No of Cube Casted",Text,TRUE,FALSE,TRUE,2025-10-26T10:30:00,2025-10-26T10:30:00
c1e8301e-307f-4afe-97cc-1a1236451dad,2812cba4-bcce-4441-b150-88ccb3bacedc,14,"Concrete Placing ",Text,TRUE,FALSE,TRUE,2025-10-26T10:30:00,2025-10-26T10:30:00
410fa04b-cd79-4d7d-aabd-c6d20720fa63,2812cba4-bcce-4441-b150-88ccb3bacedc,15,"Concrete Compaction ",Text,TRUE,FALSE,TRUE,2025-10-26T10:30:00,2025-10-26T10:30:00
dc9ec013-15b7-4ad9-adb5-d5a6b2d3f9a2,2812cba4-bcce-4441-b150-88ccb3bacedc,16,"Pile Coping  ",Text,TRUE,FALSE,TRUE,2025-10-26T10:30:00,2025-10-26T10:30:00
cf65c6a9-917e-45d7-98d3-470b07f6df99,2812cba4-bcce-4441-b150-88ccb3bacedc,19,"Curing / Curing Compound ( Applied after deshuttering with immediate effect ) ",Text,TRUE,FALSE,TRUE,2025-10-26T10:30:00,2025-10-26T10:30:00
41a70c33-a473-43b8-af20-4e54733f5679,2812cba4-bcce-4441-b150-88ccb3bacedc,17,"Concrete Quantity ( Cum) ",Text,TRUE,FALSE,TRUE,2025-10-26T10:30:00,2025-10-26T10:30:00
6e30a463-00bc-45e4-a643-5ed714796045,580fc3aa-2438-46ed-8e17-a334ddf1709f,1,"A.1.0 Survey Reference Line & Marking of Bore Hole (Northing  & Easting)",Text,TRUE,FALSE,TRUE,2025-10-26T10:30:00,2025-10-26T10:30:00
ac2bf4fc-c51e-425d-b6b5-48b4cbc2e3a6,580fc3aa-2438-46ed-8e17-a334ddf1709f,2,"A.2.0 Diameter of Bore Hole ( MM )",Text,TRUE,FALSE,TRUE,2025-10-26T10:30:00,2025-10-26T10:30:00
3740ef5f-b53a-43b5-8730-4c0a43a0f9d7,580fc3aa-2438-46ed-8e17-a334ddf1709f,3,"A.3.0 Depth of Bore Hole form NGL (MM)",Text,TRUE,FALSE,TRUE,2025-10-26T10:30:00,2025-10-26T10:30:00
230a6a73-9dc6-4398-9f84-b21508467bde,580fc3aa-2438-46ed-8e17-a334ddf1709f,4,"A.4.0 Checking of grade of Concrete & mix proportion and Checks of Grade & Brand of Cement",Text,TRUE,FALSE,TRUE,2025-10-26T10:30:00,2025-10-26T10:30:00
aa472967-d63f-42a4-814e-5fbea033fa15,580fc3aa-2438-46ed-8e17-a334ddf1709f,5,"A.5.0 Checking of Materials MDCC availability",Text,TRUE,FALSE,TRUE,2025-10-26T10:30:00,2025-10-26T10:30:00
c1ace34c-7133-44b2-9d8a-bf51a9049cdc,580fc3aa-2438-46ed-8e17-a334ddf1709f,6,"B.1.0 Post/Chainage Identification",Text,TRUE,FALSE,TRUE,2025-10-26T10:30:00,2025-10-26T10:30:00
a50e34bc-8f22-402f-888a-aaeed7c69ed7,580fc3aa-2438-46ed-8e17-a334ddf1709f,7,"B.2.0 Setting out and position of (SP, IP, CP, EP & DS )",Text,TRUE,FALSE,TRUE,2025-10-26T10:30:00,2025-10-26T10:30:00
5c5e7ec9-a4ac-40be-bcba-9fa0f5b60c7f,580fc3aa-2438-46ed-8e17-a334ddf1709f,8,"B.2.1 Alignment of (SP, IP, CP, EP & DS ) Post",Text,TRUE,FALSE,TRUE,2025-10-26T10:30:00,2025-10-26T10:30:00
7c44cbb5-177f-4efb-ad36-b8345e7c5af9,580fc3aa-2438-46ed-8e17-a334ddf1709f,9,"B.2.2 Verticality & Level of (SP, IP, CP, EP & DS ) Post",Text,TRUE,FALSE,TRUE,2025-10-26T10:30:00,2025-10-26T10:30:00
9b3a024f-0523-4aeb-b3bc-f30f41728a17,580fc3aa-2438-46ed-8e17-a334ddf1709f,10,"B.2.3 C/C Distance of CP to IP, IP to IP, IP to SP, IP to EP in (MM)",Text,TRUE,FALSE,TRUE,2025-10-26T10:30:00,2025-10-26T10:30:00
a535e7d1-403d-4e65-9db4-bc291399dc2e,580fc3aa-2438-46ed-8e17-a334ddf1709f,11,"B.2.4 Checks the fittings of Diagonal Support with brace bands, double clamp & Rail End Cap",Text,TRUE,FALSE,TRUE,2025-10-26T10:30:00,2025-10-26T10:30:00
3803f17f-6ada-4a20-908a-2b8ecc344fcc,580fc3aa-2438-46ed-8e17-a334ddf1709f,12,"B.3.0. Checks of Concrete Mixing, Placing & Compacting",Text,TRUE,FALSE,TRUE,2025-10-26T10:30:00,2025-10-26T10:30:00
53199bed-5c63-4506-ae08-c1393283f7fa,580fc3aa-2438-46ed-8e17-a334ddf1709f,13,"B.4.0 Cube Sampling / No of Cube Casted.(If any)",Text,TRUE,FALSE,TRUE,2025-10-26T10:30:00,2025-10-26T10:30:00
af3cd156-743f-4ee2-9d0f-b8d1205091db,580fc3aa-2438-46ed-8e17-a334ddf1709f,14,"B.5.0 Post Capping. (If any)",Text,TRUE,FALSE,TRUE,2025-10-26T10:30:00,2025-10-26T10:30:00
c17edafa-977a-4042-ba7b-e664ad7f52d9,580fc3aa-2438-46ed-8e17-a334ddf1709f,15,"B.6.0 Checking of 7 days Curing or Curing Compound application on coping.",Text,TRUE,FALSE,TRUE,2025-10-26T10:30:00,2025-10-26T10:30:00
041234ea-a0f5-4dab-a861-c2df22235be1,580fc3aa-2438-46ed-8e17-a334ddf1709f,16,"C.1.0 Check the Accessories & Hardware Fittings alignment & Tightening",Text,TRUE,FALSE,TRUE,2025-10-26T10:30:00,2025-10-26T10:30:00
967b8853-dcd1-4c68-97df-c84c0b751bef,580fc3aa-2438-46ed-8e17-a334ddf1709f,17,"D.1.0 Overall workmanship & No visible damages, Correctness of Fixings & Tightening of all accessories",Text,TRUE,FALSE,TRUE,2025-10-26T10:30:00,2025-10-26T10:30:00
f9cc400c-8292-4841-935d-eae550abf82b,1b556934-3f2d-435f-8e8d-51482b16286e,1,"Grid wise Dimensions",Text,TRUE,FALSE,TRUE,2025-10-26T10:30:00,2025-10-26T10:30:00
a91f474e-72f7-45d3-a059-e03a984ccec2,1b556934-3f2d-435f-8e8d-51482b16286e,2,"Grid wise Fit-up",Text,TRUE,FALSE,TRUE,2025-10-26T10:30:00,2025-10-26T10:30:00
0a455466-ef5e-4eb1-a776-a272f4199b54,1b556934-3f2d-435f-8e8d-51482b16286e,3,"Welding Quality at Site if required",Text,TRUE,FALSE,TRUE,2025-10-26T10:30:00,2025-10-26T10:30:00
66e07e96-65b7-4c27-8884-0733eb5b3ca5,1b556934-3f2d-435f-8e8d-51482b16286e,4,"Tightening of Fasteners if required",Text,TRUE,FALSE,TRUE,2025-10-26T10:30:00,2025-10-26T10:30:00
610fccae-d182-465e-bb9a-60bc0d3a9b5b,1b556934-3f2d-435f-8e8d-51482b16286e,5,"Torquing of Fasteners if required",Text,TRUE,FALSE,TRUE,2025-10-26T10:30:00,2025-10-26T10:30:00
856db5a7-593d-4dd5-9375-8d1b0f505c2a,1b556934-3f2d-435f-8e8d-51482b16286e,1,"Horizontal Alignment Check",Text,TRUE,FALSE,TRUE,2025-10-26T10:30:00,2025-10-26T10:30:00
c7cb7c02-30c7-4c55-9c55-d5350a4b0b53,1b556934-3f2d-435f-8e8d-51482b16286e,2,"Vertical Alignment Check",Text,TRUE,FALSE,TRUE,2025-10-26T10:30:00,2025-10-26T10:30:00
fea59e25-2bb4-4538-961d-c913ac7ec096,1b556934-3f2d-435f-8e8d-51482b16286e,3,"Height of Structures",Text,TRUE,FALSE,TRUE,2025-10-26T10:30:00,2025-10-26T10:30:00
8a7f0c94-2afe-43e9-ad95-6d8f2cccf406,ec86099c-67eb-49cd-8879-99c68d41a0d7,1,"Bench Mark / GPS Co-ordinates / Reference Point Co-ordinates ",Text,TRUE,FALSE,TRUE,2025-10-26T10:30:00,2025-10-26T10:30:00
354f45eb-6f3f-4a8d-ab7f-796fed3a36c5,ec86099c-67eb-49cd-8879-99c68d41a0d7,2,"Marking of Pile  ( Northing  & Easting  )",Text,TRUE,FALSE,TRUE,2025-10-26T10:30:00,2025-10-26T10:30:00
897dfa0b-e4d9-4da1-a841-5fe0deaabe3b,cebad82b-816c-4f66-9fe1-fd1800af7d69,3,"Diameter of Pile ( MM )",Text,TRUE,FALSE,TRUE,2025-10-26T10:30:00,2025-10-26T10:30:00
afc3968d-0aeb-46ea-b2e3-adee79772da5,cebad82b-816c-4f66-9fe1-fd1800af7d69,4,"Depth of Bore ( form NGL) - (MM)",Text,TRUE,FALSE,TRUE,2025-10-26T10:30:00,2025-10-26T10:30:00
145ae9ae-0f60-477f-8c0c-6a1db5020f77,cebad82b-816c-4f66-9fe1-fd1800af7d69,5,"C/C Bore to Bore Distance - (MM)",Text,TRUE,FALSE,TRUE,2025-10-26T10:30:00,2025-10-26T10:30:00
41f8853d-0923-478c-89d3-e9b046f8ec81,cebad82b-816c-4f66-9fe1-fd1800af7d69,6,"Template Fixing / Position",Text,TRUE,FALSE,TRUE,2025-10-26T10:30:00,2025-10-26T10:30:00
b56cf229-d6e8-4038-95e7-8d26c784d9ce,cebad82b-816c-4f66-9fe1-fd1800af7d69,7,"Pile Distance ( P1 to P2 ) - ( MM )",Text,TRUE,FALSE,TRUE,2025-10-26T10:30:00,2025-10-26T10:30:00
1ac9d0cd-f468-4115-a8c0-2e4bd71281a2,cebad82b-816c-4f66-9fe1-fd1800af7d69,8,"Pile Distance ( Row to Row ) - ( MM )",Text,TRUE,FALSE,TRUE,2025-10-26T10:30:00,2025-10-26T10:30:00
82a22af6-004b-4bbb-b6b9-7ae5487c0115,cebad82b-816c-4f66-9fe1-fd1800af7d69,9,"Orientation of Post (E-W)",Text,TRUE,FALSE,TRUE,2025-10-26T10:30:00,2025-10-26T10:30:00
c9ba7f3d-534a-4c51-8bc2-d26410bec86a,cebad82b-816c-4f66-9fe1-fd1800af7d69,10,"Orientation of Post (N-S) not cummulative ±15 MM from referance post",Text,TRUE,FALSE,TRUE,2025-10-26T10:30:00,2025-10-26T10:30:00
3adf7c84-5e4f-4e40-bc27-5b612a66da76,cebad82b-816c-4f66-9fe1-fd1800af7d69,11,"Top level Height Variation ( Within Table ) ",Text,TRUE,FALSE,TRUE,2025-10-26T10:30:00,2025-10-26T10:30:00
4235a4db-53b7-4751-96ce-a53147efe0ba,cebad82b-816c-4f66-9fe1-fd1800af7d69,12,"Column Post Tilt / Plumb ",Text,TRUE,FALSE,TRUE,2025-10-26T10:30:00,2025-10-26T10:30:00
b9f22904-c457-499b-abd6-5b1a15ab2359,cebad82b-816c-4f66-9fe1-fd1800af7d69,13,"Clocking Position ",Text,TRUE,FALSE,TRUE,2025-10-26T10:30:00,2025-10-26T10:30:00
0785fe62-eaa2-4250-8b83-20b4a60a66b5,cebad82b-816c-4f66-9fe1-fd1800af7d69,14,"Clear Cover ( MM ) preferable pile stub should  centre of bore",Text,TRUE,FALSE,TRUE,2025-10-26T10:30:00,2025-10-26T10:30:00
50ceb8bc-c9a2-44be-8460-6f7dccfdd15c,cebad82b-816c-4f66-9fe1-fd1800af7d69,15,"Grade of Concrete ",Text,TRUE,FALSE,TRUE,2025-10-26T10:30:00,2025-10-26T10:30:00
b3d894ce-fc55-429a-9b69-9eb8ccdabc31,cebad82b-816c-4f66-9fe1-fd1800af7d69,16,"Slump at pouring stage ",Text,TRUE,FALSE,TRUE,2025-10-26T10:30:00,2025-10-26T10:30:00
d0dfc412-ea17-4124-acf8-a789b1f52509,cebad82b-816c-4f66-9fe1-fd1800af7d69,17,"Cube Sampling / No of Cube Casted",Text,TRUE,FALSE,TRUE,2025-10-26T10:30:00,2025-10-26T10:30:00
ba427eaf-5e6f-4cbf-9852-418b1b4f0dde,cebad82b-816c-4f66-9fe1-fd1800af7d69,18,"Concrete Placing ",Text,TRUE,FALSE,TRUE,2025-10-26T10:30:00,2025-10-26T10:30:00
2b66bfb4-dc54-4fdd-8008-890c735baf5f,cebad82b-816c-4f66-9fe1-fd1800af7d69,19,"Concrete Compaction ",Text,TRUE,FALSE,TRUE,2025-10-26T10:30:00,2025-10-26T10:30:00
61cfb460-d46c-4f99-bbb6-f161a97bb42c,cebad82b-816c-4f66-9fe1-fd1800af7d69,20,"Pile Coping ",Text,TRUE,FALSE,TRUE,2025-10-26T10:30:00,2025-10-26T10:30:00
e2d28a71-e6f0-4b9c-b575-aaf377ba91ec,cebad82b-816c-4f66-9fe1-fd1800af7d69,21,"Curing / Curing Compound ( Applied after deshuttering with immediate effect )",Text,TRUE,FALSE,TRUE,2025-10-26T10:30:00,2025-10-26T10:30:00
f5546a91-70e2-4b88-905e-f8b2aa637df7,cebad82b-816c-4f66-9fe1-fd1800af7d69,22,"Concrete Quantity ( Cum)",Text,TRUE,FALSE,TRUE,2025-10-26T10:30:00,2025-10-26T10:30:00
45d8e62c-7309-4685-9cd2-0074642cb859,aeb46d4f-48e8-48a1-a47a-a6473bb86616,1,"Wt. of Sand + Cylinder (Before pouring) (gms)",Text,TRUE,FALSE,TRUE,2025-10-26T10:30:00,2025-10-26T10:30:00
ae0c3247-8922-4b3b-83f4-c04ce89128c6,aeb46d4f-48e8-48a1-a47a-a6473bb86616,2,"Wt of Sand + Cylinder (After pouring) (gms)",Text,TRUE,FALSE,TRUE,2025-10-26T10:30:00,2025-10-26T10:30:00
824865d3-a343-4d82-b0cd-1d12f2dd45de,aeb46d4f-48e8-48a1-a47a-a6473bb86616,3,"Wt. of Sand in Bore + Cone (gm)",Text,TRUE,FALSE,TRUE,2025-10-26T10:30:00,2025-10-26T10:30:00
feb0baa1-baf9-4de4-8d4c-81a9fa603d5f,aeb46d4f-48e8-48a1-a47a-a6473bb86616,4,"Wt. of Sand in Cone (gm)",Text,TRUE,FALSE,TRUE,2025-10-26T10:30:00,2025-10-26T10:30:00
bad8f9c0-aa5b-4c1c-b31c-69920d182a74,aeb46d4f-48e8-48a1-a47a-a6473bb86616,5,"Wt. of Sand in Bore (gm)",Text,TRUE,FALSE,TRUE,2025-10-26T10:30:00,2025-10-26T10:30:00
e0cca351-09ea-4863-b96e-926d41a78a04,aeb46d4f-48e8-48a1-a47a-a6473bb86616,6,"Bulk Density of Sand (gm/cc)",Text,TRUE,FALSE,TRUE,2025-10-26T10:30:00,2025-10-26T10:30:00
1b00e9af-e7ef-4277-8e88-81dafb27e088,aeb46d4f-48e8-48a1-a47a-a6473bb86616,7,"Volume of Bore (CC)",Text,TRUE,FALSE,TRUE,2025-10-26T10:30:00,2025-10-26T10:30:00
8caf9a93-ddd0-4b71-bb32-0dbe8fb947a6,aeb46d4f-48e8-48a1-a47a-a6473bb86616,8,"Wt. of Wet Soil from Bore (gm)",Text,TRUE,FALSE,TRUE,2025-10-26T10:30:00,2025-10-26T10:30:00
02afff6d-6f26-451d-9165-acc035422772,aeb46d4f-48e8-48a1-a47a-a6473bb86616,9,"Wet Density of Soil γw (gm/cc)",Text,TRUE,FALSE,TRUE,2025-10-26T10:30:00,2025-10-26T10:30:00
2edb36e6-5e10-498c-99da-328d849d3c45,aeb46d4f-48e8-48a1-a47a-a6473bb86616,10,"Moisture Meter Reading (%) (w1)",Text,TRUE,FALSE,TRUE,2025-10-26T10:30:00,2025-10-26T10:30:00
31b43182-609a-4b7c-bcba-ec54164b9187,aeb46d4f-48e8-48a1-a47a-a6473bb86616,11,"% of Moisture (w)=(w1*100/(100-w1))",Text,TRUE,FALSE,TRUE,2025-10-26T10:30:00,2025-10-26T10:30:00
14ab3435-2dc3-4496-bfb2-1e8fc7d9ca5f,aeb46d4f-48e8-48a1-a47a-a6473bb86616,12,"Dry Density γd (gm / cc)",Text,TRUE,FALSE,TRUE,2025-10-26T10:30:00,2025-10-26T10:30:00
e6b4f3d8-04a8-4341-94c8-7797d4d525d1,aeb46d4f-48e8-48a1-a47a-a6473bb86616,13,"Density Index (Id) (%)",Text,TRUE,FALSE,TRUE,2025-10-26T10:30:00,2025-10-26T10:30:00
e2a6695e-7299-485c-923a-e62712b8c73e,1184710d-29b7-4930-a4f9-60c4fd56d4bc,1,"Wt Core + Soil (gm)",Text,TRUE,FALSE,TRUE,2025-10-26T10:30:00,2025-10-26T10:30:00
b5eabf7e-588c-49d2-abb1-5a300c7fd89c,1184710d-29b7-4930-a4f9-60c4fd56d4bc,2,"Wt of Core (gm)",Text,TRUE,FALSE,TRUE,2025-10-26T10:30:00,2025-10-26T10:30:00
52489fcf-9741-468a-9e34-0537c3164e32,1184710d-29b7-4930-a4f9-60c4fd56d4bc,3,"Wt of West Soil (gm)",Text,TRUE,FALSE,TRUE,2025-10-26T10:30:00,2025-10-26T10:30:00
db81d3e2-0cb8-4b2e-bf79-76e07debf1b4,1184710d-29b7-4930-a4f9-60c4fd56d4bc,4,"Volume of Core (cc)",Text,TRUE,FALSE,TRUE,2025-10-26T10:30:00,2025-10-26T10:30:00
22c2c665-3fbf-4c10-8114-de1f1cc478d7,1184710d-29b7-4930-a4f9-60c4fd56d4bc,5,"Wet Density gm / cc",Text,TRUE,FALSE,TRUE,2025-10-26T10:30:00,2025-10-26T10:30:00
dcb296d8-2d86-48ec-9d9d-287b4f5be737,1184710d-29b7-4930-a4f9-60c4fd56d4bc,6,"Moisture Meter Reading (MR)",Text,TRUE,FALSE,TRUE,2025-10-26T10:30:00,2025-10-26T10:30:00
67245c6b-3adf-4eec-8ad4-b2d64dfc845c,1184710d-29b7-4930-a4f9-60c4fd56d4bc,7,"% of Moisture (FMC)",Text,TRUE,FALSE,TRUE,2025-10-26T10:30:00,2025-10-26T10:30:00
32dec60f-6c8a-4825-ae87-5f3cbc3cfa52,1184710d-29b7-4930-a4f9-60c4fd56d4bc,8,"Field Dry Density (FDD)",Text,TRUE,FALSE,TRUE,2025-10-26T10:30:00,2025-10-26T10:30:00
6b2d4831-3a89-44a6-af7b-5cf2b7f8c763,1184710d-29b7-4930-a4f9-60c4fd56d4bc,9,"Proctor Dry Density (MDD)",Text,TRUE,FALSE,TRUE,2025-10-26T10:30:00,2025-10-26T10:30:00
ac2ef2ae-2682-46a1-9424-64412f599e69,1184710d-29b7-4930-a4f9-60c4fd56d4bc,10,"O.M.C %",Text,TRUE,FALSE,TRUE,2025-10-26T10:30:00,2025-10-26T10:30:00
b3405c41-e207-496b-a8e5-3d2707ca8ccf,1184710d-29b7-4930-a4f9-60c4fd56d4bc,11,"Compaction Achieved in %",Text,TRUE,FALSE,TRUE,2025-10-26T10:30:00,2025-10-26T10:30:00
2745c385-0e67-410e-a2bf-cf7c02b7796d,07a0f8c5-0add-4ab8-9afa-e78ba536cfeb,1,"Is used the approved material ?",Text,TRUE,FALSE,TRUE,2025-10-26T10:30:00,2025-10-26T10:30:00
751bc064-d631-4242-b653-c9e3b0f3e4d5,07a0f8c5-0add-4ab8-9afa-e78ba536cfeb,2,"Is Gradation Test Conducted and meets the requirements ?",Text,TRUE,FALSE,TRUE,2025-10-26T10:30:00,2025-10-26T10:30:00
2e44ec44-a410-4f01-8a16-ee6533daa66f,07a0f8c5-0add-4ab8-9afa-e78ba536cfeb,3,"Thickness of Gravel Filling",Text,TRUE,FALSE,TRUE,2025-10-26T10:30:00,2025-10-26T10:30:00
354d95e3-398d-4066-b53a-78bf55c64cd9,07a0f8c5-0add-4ab8-9afa-e78ba536cfeb,4,"Uniformity of Filling at all required area",Text,TRUE,FALSE,TRUE,2025-10-26T10:30:00,2025-10-26T10:30:00
e4da01ca-7a3d-45c8-8c0b-ca452919dfe6,fe0e7320-0d2f-40d5-8366-63b731d305d0,1,"Check level of foundation completed as per agreed specification.",Text,TRUE,FALSE,TRUE,2025-10-26T10:30:00,2025-10-26T10:30:00
774afef6-ec07-42e7-9302-12883bed5eae,fe0e7320-0d2f-40d5-8366-63b731d305d0,2,"Check foundation bolt straightness, diagonal etc. as per specification.",Text,TRUE,FALSE,TRUE,2025-10-26T10:30:00,2025-10-26T10:30:00
c2cdb58f-1981-4d8d-9344-577c7fc593c9,fe0e7320-0d2f-40d5-8366-63b731d305d0,3,"Calibration check for all applicable instruments.",Text,TRUE,FALSE,TRUE,2025-10-26T10:30:00,2025-10-26T10:30:00
513945ee-85d2-4738-b9e5-7a4bc75a8fa0,fe0e7320-0d2f-40d5-8366-63b731d305d0,4,"Check there are no damages after shifting of modules and MMS Structure to applicable sites.",Text,TRUE,FALSE,TRUE,2025-10-26T10:30:00,2025-10-26T10:30:00
e67676a1-47a4-4ca5-9569-b05684102a50,fe0e7320-0d2f-40d5-8366-63b731d305d0,5,"Check Foundation Alignment & Rafter/Ramming Post Alignment as per specification.",Text,TRUE,FALSE,TRUE,2025-10-26T10:30:00,2025-10-26T10:30:00
0b4f4ece-a7b7-4615-bc70-8eff973a8869,fe0e7320-0d2f-40d5-8366-63b731d305d0,6,"Checking Elevation visual and dimensionally as per specification.",Text,TRUE,FALSE,TRUE,2025-10-26T10:30:00,2025-10-26T10:30:00
f0257e9d-aea8-4f5b-851a-ae11dbef0fb0,fe0e7320-0d2f-40d5-8366-63b731d305d0,7,"Check for Sagging, if any in MMS after installation.",Text,TRUE,FALSE,TRUE,2025-10-26T10:30:00,2025-10-26T10:30:00
20b2a1e4-211d-4668-850d-48d69e8e0499,fe0e7320-0d2f-40d5-8366-63b731d305d0,8,"Check for Tilt angle of MMS wrt ground as per specification/ drawing/SOP",Text,TRUE,FALSE,TRUE,2025-10-26T10:30:00,2025-10-26T10:30:00
0a583845-3b1a-49f8-906a-f04f9a8b6742,f4b9b300-e820-441a-967d-ada96af47bd1,1,"Check Module Fitting with Perlins &  Clamps and nut bolts etc. - Torqueing values as per approved Drg/ SOP/Specification for erection of MMS.",Text,TRUE,FALSE,TRUE,2025-10-26T10:30:00,2025-10-26T10:30:00
cfdcd89a-6673-4164-a92c-39914f12bae0,f4b9b300-e820-441a-967d-ada96af47bd1,2,"Checking color marking on the Table  by using paint/colors on first stub of each Table and not on each bolt/Nut for Torque checking confirmation as per approved SOP.",Text,TRUE,FALSE,TRUE,2025-10-26T10:30:00,2025-10-26T10:30:00
c908deb6-b98d-457e-89ef-a1cd85da684f,f4b9b300-e820-441a-967d-ada96af47bd1,3,"Check that Modules of same type and power rating to be connected in series",Text,TRUE,FALSE,TRUE,2025-10-26T10:30:00,2025-10-26T10:30:00
e596f05b-c25f-4f67-9ea2-58b7479224bd,f4b9b300-e820-441a-967d-ada96af47bd1,4,"Module height difference within table as per given Specification/Drg/SOP. Checking of shadow if any.",Text,TRUE,FALSE,TRUE,2025-10-26T10:30:00,2025-10-26T10:30:00
eba70724-fefd-42ed-81d8-aa7b90df9489,f4b9b300-e820-441a-967d-ada96af47bd1,5,"Module angle difference within table as per given Specification/Drg/SOP.",Text,TRUE,FALSE,TRUE,2025-10-26T10:30:00,2025-10-26T10:30:00
b0863930-5076-48e2-ac4a-e880043f2efb,f4b9b300-e820-441a-967d-ada96af47bd1,6,"Check module in each string have same Orientation and Tilt as per Specification/Drg/SOP",Text,TRUE,FALSE,TRUE,2025-10-26T10:30:00,2025-10-26T10:30:00
f95ecd6c-1c82-4e0a-8892-bff208aa2be3,f4b9b300-e820-441a-967d-ada96af47bd1,7,"Zinc spray to be applied on damage area of MMS Structure. If Any.",Text,TRUE,FALSE,TRUE,2025-10-26T10:30:00,2025-10-26T10:30:00
31e6a016-26a4-4377-b6b8-74218d5080ca,f4b9b300-e820-441a-967d-ada96af47bd1,8,"Check installation of Self Powered Controller & its Functioning as per Drg/Specification.",Text,TRUE,FALSE,TRUE,2025-10-26T10:30:00,2025-10-26T10:30:00
3afba8a4-b4ac-43bc-981f-6859340834da,f4b9b300-e820-441a-967d-ada96af47bd1,9,"Check documentation as per agreed FQP.",Text,TRUE,FALSE,TRUE,2025-10-26T10:30:00,2025-10-26T10:30:00
146b4afb-b59b-440a-93ad-8ed3e69834fa,f4b9b300-e820-441a-967d-ada96af47bd1,10,"Check that wiring is correct before starting, There will be a wiring fault if the measured open circuit voltage (Voc) and short circuit current (Isc) differs from the specification/Drg",Text,TRUE,FALSE,TRUE,2025-10-26T10:30:00,2025-10-26T10:30:00
cdc84c52-2e4b-4eff-a598-ba3264e828ac,f4b9b300-e820-441a-967d-ada96af47bd1,11,"Make Sure that the plug connectors are connected tightly and securely with specific polarities as per Drg/Specification",Text,TRUE,FALSE,TRUE,2025-10-26T10:30:00,2025-10-26T10:30:00
82269122-458b-4e2a-9bb8-9ad8e2e1c432,f4b9b300-e820-441a-967d-ada96af47bd1,12,"Ensure that extension cables and plugs meet the requirements of the systems maximum voltage, current, moisture, and temperature when they are exposed to sunlight",Text,TRUE,FALSE,TRUE,2025-10-26T10:30:00,2025-10-26T10:30:00
3e86e438-aee8-4cd9-8fad-109d0f1d2dbd,f4b9b300-e820-441a-967d-ada96af47bd1,13,"Check the module frame should be grounded before the electrical connection of the modules is operated to avoid the risk of electrical shock or fire as per Drg/Specification.",Text,TRUE,FALSE,TRUE,2025-10-26T10:30:00,2025-10-26T10:30:00
f56972c9-aef9-4cf1-a908-7f52e1eef243,d16c4f7b-51b6-48e5-89bc-7ec3f0b64d48,1,"1. All fasteners should be installed as per recommended size with torque and torque mark (refer to installation manual). 2. M8*60 for the control box needs to maintain 10 Nm.",Text,TRUE,FALSE,TRUE,2025-10-26T10:30:00,2025-10-26T10:30:00
dc9a6b71-89bd-4fed-8b4e-cc356de0ca3b,d16c4f7b-51b6-48e5-89bc-7ec3f0b64d48,2,"1. Ensure Drive Post is installed within tolerance 33 ± 25 mm. 2. The Maximum Height above the FGL for General Post and Drive Post should be maintained at 1138mm and 1171mm respectively. 3. For continuous slope, the open face of the general post should be higher side and web faces on the lower side. 4. Please refer GA drawing and Installation manual for Pile specifications & tolerances",Text,TRUE,FALSE,TRUE,2025-10-26T10:30:00,2025-10-26T10:30:00
8f665208-71c9-43f4-b28e-03bfe77abb84,d16c4f7b-51b6-48e5-89bc-7ec3f0b64d48,3,"1. Ensure the slew drive seat is installed at ±0° angle. 2. Ensure post & torque tube are installed as per GA drawing (Annex Exterior, Interior).",Text,TRUE,FALSE,TRUE,2025-10-26T10:30:00,2025-10-26T10:30:00
aa000a5c-fbbc-469e-bb02-d0ae787f0d2f,d16c4f7b-51b6-48e5-89bc-7ec3f0b64d48,4,"1. Ensure the post seat is installed concerning the slew drive seat angle. 2. Check and confirm bearing house is locked properly with plastic bearing arms. 3. Ensure M12 big plain washer is placed for slotted holes. 4. Ensure grounding cable is installed on both ends of the tracker and enough length is reserved for the full tracking range.",Text,TRUE,FALSE,TRUE,2025-10-26T10:30:00,2025-10-26T10:30:00
d2fe2a39-36d3-49d8-867f-c5e3646fa6b9,d16c4f7b-51b6-48e5-89bc-7ec3f0b64d48,5,"1. Check & confirm slew drive installed on correct piers. (refer to installation manual). 2. Check & confirm slew drives are aligned in a single axis from the initial reference. 3.Ensure the slew drive motor facing toward the south direction. 4.Ensure the motor is not impacted or damaged by external force. 5.Check & confirm motor dressing is properly done and reserved enough length at the binding & fixing point. 6.Ensure motor cable maintained more than 50mm bending radius.",Text,TRUE,FALSE,TRUE,2025-10-26T10:30:00,2025-10-26T10:30:00
c00a444f-49e8-45fb-be07-bf80ac0359bc,d16c4f7b-51b6-48e5-89bc-7ec3f0b64d48,6,"1.Check and confirm the correct size torque tube installed(refer to GA drawing). 2.Torque sequence for the M12*45 bolt should start from the torque tube bottom and the angle difference is <0.5° at joint parts. 3.Ensure slew drive & torque tube connecting bolt M16X35 must use Loctite sealant for 4 threads without any debris. 4.Ensure TT alignment is properly aligned for tracker operations to reduce the overload on the motor. 5.Allowable torque tube tolerance from North to South is ±3 degree.",Text,TRUE,FALSE,TRUE,2025-10-26T10:30:00,2025-10-26T10:30:00
e4b9c672-5f3b-4a82-8201-cb896fe3f08e,d16c4f7b-51b6-48e5-89bc-7ec3f0b64d48,7,"1.Check & confirm purlins are secured with Torque and Torque mark and U-Bolt thread is equally maintained. 2.Ensure the purlin gasket is placed. 3.Confirm purlin & gasket capsule slots are kept in the same direction throughout the tracker.",Text,TRUE,FALSE,TRUE,2025-10-26T10:30:00,2025-10-26T10:30:00
0ec2bbdc-ee81-4a0e-b4b8-163011aee7f4,d16c4f7b-51b6-48e5-89bc-7ec3f0b64d48,8,"1.Check & confirm transmission shaft assembly installed and maintained proper length & alignment(refer to GA drawing). 2.Ensure the correct transmission shaft is installed. 3.Ensure all fasteners are torque & torque marked. 4.Check & confirm cotter pin is split and secured with the pivot pin.",Text,TRUE,FALSE,TRUE,2025-10-26T10:30:00,2025-10-26T10:30:00
e8860345-e6c8-4ee0-9845-dcf0e203e2fb,d16c4f7b-51b6-48e5-89bc-7ec3f0b64d48,9,"1. Ensure the tube cover is placed on both ends of the tracker.",Text,TRUE,FALSE,TRUE,2025-10-26T10:30:00,2025-10-26T10:30:00
15c991f3-a7ee-4540-a988-ffaefde4db19,d16c4f7b-51b6-48e5-89bc-7ec3f0b64d48,10,"1.Grounding cables need to be installed in the two general posts at both ends of the tracker. 2.Check the other Grounding cable installed at the Control box",Text,TRUE,FALSE,TRUE,2025-10-26T10:30:00,2025-10-26T10:30:00
5f5da999-0dad-4bc0-a253-7aac3c88f630,d16c4f7b-51b6-48e5-89bc-7ec3f0b64d48,11,"1.Ensure the AI Controller box is close to the Motor. 2.All accessories should be installed as per the installation manual without any damage. 3.Check and confirm the AI Controller box Emergency push button and DC Switch TURN-OFF. 4.Antenna should be placed at The south end of the torque tube. 5.Ensure proper cable routing & dressing are done for full tracker range operations.",Text,TRUE,FALSE,TRUE,2025-10-26T10:30:00,2025-10-26T10:30:00
abc0d7b6-c106-4069-9a11-0b76cac127ed,d16c4f7b-51b6-48e5-89bc-7ec3f0b64d48,12,"1.Check & confirm Communication box and antenna Maximum height are maintained as per the Communication Installation manual. 2.The direction of the wind sensor Box face should be the North direction Assembly and the wind sensor direction should be a downside (Refer to installation manual for image) 3. Ensure cable dressing is properly done. 4. Check & confirm all fasteners are properly torque & torque marked. 5. Check & confirm proper earthing is done. 6. Ensure PU foam is applied to all cable glands.",Text,TRUE,FALSE,TRUE,2025-10-26T10:30:00,2025-10-26T10:30:00
f7e7f92d-eb2d-4d46-b957-31244c8a53a6,ab60fd38-5609-4314-96a0-66897e61a377,1,"1.Check & confirm module fasteners are secured with the proper torque and kept in stow position angle 0°. 2.Ensure from module edge to FGL 700mm gap is available for full tracker range operational. 3.Check & confirm grounding washer is placed on the same side of each panel. 4.Ensure modules are kept at 0° position after torque.",Text,TRUE,FALSE,TRUE,2025-10-26T10:30:00,2025-10-26T10:30:00
56218738-a958-48fb-a28e-19c59bc44a76,ab60fd38-5609-4314-96a0-66897e61a377,2,"1.Check & confirm electrical wiring dressing is properly done from the PV string & Motor to AI-2 CB. 2.Ensure the DC extension cable & Y/T connectors are properly terminated (refer to the installation manual).",Text,TRUE,FALSE,TRUE,2025-10-26T10:30:00,2025-10-26T10:30:00
448ff6ea-5f71-4142-ba51-cc642c9a6548,ab60fd38-5609-4314-96a0-66897e61a377,3,"1.Check whether tracker rotation is happening properly as per design and specifications. ",Text,TRUE,FALSE,TRUE,2025-10-26T10:30:00,2025-10-26T10:30:00
f61d98db-b977-462c-9f3a-7ca756cc17f7,6922f50e-ffc4-41b0-884d-0f898de366be,1,"Anchor bolt stud PVC sleeves protect with tape",Text,TRUE,FALSE,TRUE,2025-10-26T10:30:00,2025-10-26T10:30:00
437ace89-752a-4e38-9d01-261472dc949c,6922f50e-ffc4-41b0-884d-0f898de366be,2,"Level checked for levelling shims",Text,TRUE,FALSE,TRUE,2025-10-26T10:30:00,2025-10-26T10:30:00
bd167e78-9532-4e0c-8dca-29601a9da051,6922f50e-ffc4-41b0-884d-0f898de366be,3,"Alignment of grouting Shutters",Text,TRUE,FALSE,TRUE,2025-10-26T10:30:00,2025-10-26T10:30:00
14b4db20-6fec-4c4e-b60d-5e2803c611a3,6922f50e-ffc4-41b0-884d-0f898de366be,4,"Dimension of grouting Shutters",Text,TRUE,FALSE,TRUE,2025-10-26T10:30:00,2025-10-26T10:30:00
763b3ec2-61ec-4d85-8388-037f5d7e79e6,6922f50e-ffc4-41b0-884d-0f898de366be,5,"Cleaning of pedestal surface",Text,TRUE,FALSE,TRUE,2025-10-26T10:30:00,2025-10-26T10:30:00
0a73d57f-d715-4ce6-b160-6b15bb4ddbbf,6922f50e-ffc4-41b0-884d-0f898de366be,6,"EPDM tape pasted on the grouting top flange",Text,TRUE,FALSE,TRUE,2025-10-26T10:30:00,2025-10-26T10:30:00
3c5a4ded-4660-45f4-89c1-8ce2d548fa44,6922f50e-ffc4-41b0-884d-0f898de366be,7,"Bonding Agent Name",Text,TRUE,FALSE,TRUE,2025-10-26T10:30:00,2025-10-26T10:30:00
3accfc6b-02e0-40bf-97af-6cad5a915410,6922f50e-ffc4-41b0-884d-0f898de366be,8,"Used Quantity of Grout",Text,TRUE,FALSE,TRUE,2025-10-26T10:30:00,2025-10-26T10:30:00
a3eb9428-7292-4057-88da-9be5c0974847,6922f50e-ffc4-41b0-884d-0f898de366be,9,"Batch No of Grout",Text,TRUE,FALSE,TRUE,2025-10-26T10:30:00,2025-10-26T10:30:00
d6d64627-a2e7-4627-bbfd-08b808881b9a,6922f50e-ffc4-41b0-884d-0f898de366be,10,"Anchor bolt protrusion length: Guide bolts, Main bolts, Grouting Height",Text,TRUE,FALSE,TRUE,2025-10-26T10:30:00,2025-10-26T10:30:00
8e6d0d24-8a22-4d57-81fb-3110ec87dcf9,6922f50e-ffc4-41b0-884d-0f898de366be,11,"Length of bolt before grouting Inner and Outer",Text,TRUE,FALSE,TRUE,2025-10-26T10:30:00,2025-10-26T10:30:00
dab8124e-8eb2-4f57-843d-2fa5e8453416,6922f50e-ffc4-41b0-884d-0f898de366be,12,"Length of bolt after grouting Inner and Outer",Text,TRUE,FALSE,TRUE,2025-10-26T10:30:00,2025-10-26T10:30:00
87b935f3-a9d8-4619-a363-ecebb9444225,6922f50e-ffc4-41b0-884d-0f898de366be,13,"Level of top flange Before After Grouting",Text,TRUE,FALSE,TRUE,2025-10-26T10:30:00,2025-10-26T10:30:00
65481896-c98e-4c8e-af6c-58b0cee8de36,6922f50e-ffc4-41b0-884d-0f898de366be,14,"Cube Compressive Strength (7 Days)",Text,TRUE,FALSE,TRUE,2025-10-26T10:30:00,2025-10-26T10:30:00
c0c03459-1302-48a5-9916-8d1fa76df02a,6922f50e-ffc4-41b0-884d-0f898de366be,15,"Cube Compressive Strength (28 Days)",Text,TRUE,FALSE,TRUE,2025-10-26T10:30:00,2025-10-26T10:30:00
3cd361a4-2a94-4505-a3c9-16a96fe89b8d,83982cb5-067e-422e-bedd-d0eb2bd543cb,1,Date of Pouring,Text,TRUE,FALSE,TRUE,2025-10-26T10:30:00,2025-10-26T10:30:00
2f8fb1c1-ae5d-44b1-8921-b0c97f58c5f3,83982cb5-067e-422e-bedd-d0eb2bd543cb,2,Grade of Concrete,Text,TRUE,FALSE,TRUE,2025-10-26T10:30:00,2025-10-26T10:30:00
05185754-bace-4585-9164-61e1c378f0f3,83982cb5-067e-422e-bedd-d0eb2bd543cb,3,Thickness of PCC,Text,TRUE,FALSE,TRUE,2025-10-26T10:30:00,2025-10-26T10:30:00
1615e749-0e78-49c2-bc89-6241b211bb17,83982cb5-067e-422e-bedd-d0eb2bd543cb,4,Level Check of PCC,Text,TRUE,FALSE,TRUE,2025-10-26T10:30:00,2025-10-26T10:30:00
0c72c5c0-f3f8-49d4-b1ad-7af0d0fb9b49,13bc6e39-8d9a-43a0-8df5-bdb6f4697faa,1,Marking & Drilling of Pole-Bench Mark / GPS Co-ordinates / Reference Point Co-ordinates,Text,TRUE,FALSE,TRUE,2025-10-26T10:30:00,2025-10-26T10:30:00
bf01bb26-584d-45d7-9b75-08e14f9cd947,13bc6e39-8d9a-43a0-8df5-bdb6f4697faa,2,Marking & Drilling of Pole-Marking of Pole (centerline),Text,TRUE,FALSE,TRUE,2025-10-26T10:30:00,2025-10-26T10:30:00
af8e9214-fbbd-44cc-b208-7193c572cb7f,13bc6e39-8d9a-43a0-8df5-bdb6f4697faa,3,Marking & Drilling of Pole-Diameter of Pole ( MM ),Text,TRUE,FALSE,TRUE,2025-10-26T10:30:00,2025-10-26T10:30:00
b995c434-e04f-49a4-8e5b-5068350d3094,13bc6e39-8d9a-43a0-8df5-bdb6f4697faa,4,Marking & Drilling of Pole-Depth of Bore ( from NGL) - (MM),Text,TRUE,FALSE,TRUE,2025-10-26T10:30:00,2025-10-26T10:30:00
2e6704da-0ab9-486f-945c-f5dc43da79ec,13bc6e39-8d9a-43a0-8df5-bdb6f4697faa,5,Marking & Drilling of Pole-Clearance for Further fixing and casting ( Yes / No ),Text,TRUE,FALSE,TRUE,2025-10-26T10:30:00,2025-10-26T10:30:00
1b081b72-2663-4408-b701-96876d943b01,13bc6e39-8d9a-43a0-8df5-bdb6f4697faa,6,Concrete Pole Fixing and Alignment-Pole Height above & Below Ground Level ( MM ),Text,TRUE,FALSE,TRUE,2025-10-26T10:30:00,2025-10-26T10:30:00
271237ad-c9f5-49f5-9885-29b93ef84735,13bc6e39-8d9a-43a0-8df5-bdb6f4697faa,7,Concrete Pole Fixing and Alignment-Top level Height Variation  ( MM ),Text,TRUE,FALSE,TRUE,2025-10-26T10:30:00,2025-10-26T10:30:00
f5d09b6d-ebe0-4e50-80e7-be83477c6f04,13bc6e39-8d9a-43a0-8df5-bdb6f4697faa,8,Concrete Pole Fixing and Alignment - Pole Tilt / Plumb / Alignment,Text,TRUE,FALSE,TRUE,2025-10-26T10:30:00,2025-10-26T10:30:00
a6bc4817-174b-496f-8eda-11dbe61d9b39,13bc6e39-8d9a-43a0-8df5-bdb6f4697faa,9,Concrete Pole Fixing and Alignment- Clear Cover ( MM ),Text,TRUE,FALSE,TRUE,2025-10-26T10:30:00,2025-10-26T10:30:00
67e84b49-64db-4e37-b878-a372ea79d7d3,13bc6e39-8d9a-43a0-8df5-bdb6f4697faa,10,Concrete Pole Fixing and Alignment-Clearance for Further casting ( Yes / No ),Text,TRUE,FALSE,TRUE,2025-10-26T10:30:00,2025-10-26T10:30:00
43934793-e908-4cbc-bb4b-d0541553d731,13bc6e39-8d9a-43a0-8df5-bdb6f4697faa,11,Concrete Pole Concreting Details- Date of concreting,Text,TRUE,FALSE,TRUE,2025-10-26T10:30:00,2025-10-26T10:30:00
cea9a475-32b3-468c-8582-94b9355c4c51,13bc6e39-8d9a-43a0-8df5-bdb6f4697faa,12,Concrete Pole Concreting Details-Grade of Concrete,Text,TRUE,FALSE,TRUE,2025-10-26T10:30:00,2025-10-26T10:30:00
97a8992b-8ced-48b6-af5c-ac373e3241c1,13bc6e39-8d9a-43a0-8df5-bdb6f4697faa,13,Concrete Pole Concreting Details-Slump at pouring stage,Text,TRUE,FALSE,TRUE,2025-10-26T10:30:00,2025-10-26T10:30:00
479f9e60-d0ba-4ca0-a843-6100f7adfd21,13bc6e39-8d9a-43a0-8df5-bdb6f4697faa,14,Concrete Pole Concreting Details-Cube Sampling / No of Cube Casted (Cube sampling done at RMC batching plant and if required at site.),Text,TRUE,FALSE,TRUE,2025-10-26T10:30:00,2025-10-26T10:30:00
6e56bf78-88ef-4db3-a53a-cbcda06f8d7b,13bc6e39-8d9a-43a0-8df5-bdb6f4697faa,15,Concrete Pole Concreting Details-Concrete Placing,Text,TRUE,FALSE,TRUE,2025-10-26T10:30:00,2025-10-26T10:30:00
a77d49e3-755f-4be6-929b-c9bc7ce4d2a2,13bc6e39-8d9a-43a0-8df5-bdb6f4697faa,16,Concrete Pole Concreting Details-Concrete Compaction,Text,TRUE,FALSE,TRUE,2025-10-26T10:30:00,2025-10-26T10:30:00
fe535314-9268-4cd3-9bdd-43b9551850b1,13bc6e39-8d9a-43a0-8df5-bdb6f4697faa,17,Concrete Pole Concreting Details-Curing / Curing Compound ( Applied after deshuttering with immediate effect ),Text,TRUE,FALSE,TRUE,2025-10-26T10:30:00,2025-10-26T10:30:00
dbd67fd3-9b75-481f-b12f-08333bfd38b1,13bc6e39-8d9a-43a0-8df5-bdb6f4697faa,18,Concrete Pole Concreting Details-Concrete Quantity ( Cum),Text,TRUE,FALSE,TRUE,2025-10-26T10:30:00,2025-10-26T10:30:00
9ce0ae39-f9d0-4ef6-9738-2d0f383f0b2b,548a3ef4-30d2-47b4-beae-17b6185a11f1,1,MMS Installation done as per the approved drawing,Text,TRUE,FALSE,TRUE,2025-10-26T10:30:00,2025-10-26T10:30:00
4292c2db-bf96-47d4-8e53-0d0cf1a287e7,548a3ef4-30d2-47b4-beae-17b6185a11f1,2,All fasteners of MMS properly installed /tightened,Text,TRUE,FALSE,TRUE,2025-10-26T10:30:00,2025-10-26T10:30:00
b8c05677-cd2a-4943-ba30-bd875c5921e9,548a3ef4-30d2-47b4-beae-17b6185a11f1,3,Docking frame installation done in a proper manner,Text,TRUE,FALSE,TRUE,2025-10-26T10:30:00,2025-10-26T10:30:00
e7aa2205-9781-44bc-8444-4a0f9d6d07d4,548a3ef4-30d2-47b4-beae-17b6185a11f1,4,All fasteners of Docking frame properly installed /tightened,Text,TRUE,FALSE,TRUE,2025-10-26T10:30:00,2025-10-26T10:30:00
98d95887-35f0-4138-a7ff-0a1e2e60af87,548a3ef4-30d2-47b4-beae-17b6185a11f1,5,Installation of Bridges - various sizes done to counter the gap,Text,TRUE,FALSE,TRUE,2025-10-26T10:30:00,2025-10-26T10:30:00
cffa3cc5-e8be-4f37-a398-64deb515a9b7,548a3ef4-30d2-47b4-beae-17b6185a11f1,6,Robot properly installed on the docking station,Text,TRUE,FALSE,TRUE,2025-10-26T10:30:00,2025-10-26T10:30:00
c544cd86-6a8a-4378-b4f4-d4bf3480e120,548a3ef4-30d2-47b4-beae-17b6185a11f1,7,Check the battery installation status and termination,Text,TRUE,FALSE,TRUE,2025-10-26T10:30:00,2025-10-26T10:30:00
1f470495-3650-4fc4-a5b1-52cced0ddd14,548a3ef4-30d2-47b4-beae-17b6185a11f1,8,Installation of solar module done properly ensuring the connection,Text,TRUE,FALSE,TRUE,2025-10-26T10:30:00,2025-10-26T10:30:00
b84d6e60-2f5e-4781-a10a-92edaa374278,548a3ef4-30d2-47b4-beae-17b6185a11f1,9,Installation of robot locking arrangement on the docking frame,Text,TRUE,FALSE,TRUE,2025-10-26T10:30:00,2025-10-26T10:30:00
84985ec9-e777-4f4f-b2e9-251cc7f89a44,548a3ef4-30d2-47b4-beae-17b6185a11f1,10,Check the robot nomenclature.,Text,TRUE,FALSE,TRUE,2025-10-26T10:30:00,2025-10-26T10:30:00
6e138ca3-157c-49ec-bb43-82ee0159cb66,21c1cd87-30d7-4324-b87c-3ed0bfd02d47,1,"Check for dimensions of the robot  as per approved drawings",Text,TRUE,FALSE,TRUE,2025-10-26T10:30:00,2025-10-26T10:30:00
c6d2003d-fb3c-463c-8947-ac55e7c487f7,21c1cd87-30d7-4324-b87c-3ed0bfd02d47,2,"Check  wheels alignment on PV module are as per drawing",Text,TRUE,FALSE,TRUE,2025-10-26T10:30:00,2025-10-26T10:30:00
585d23e5-7c3c-46bf-974a-c622601b9f39,21c1cd87-30d7-4324-b87c-3ed0bfd02d47,3,"Ensure module frame side driving wheel motors ratings as 24V, 70W each (2No's)",Text,TRUE,FALSE,TRUE,2025-10-26T10:30:00,2025-10-26T10:30:00
ecc753ea-8c20-4487-b51a-af746424c388,21c1cd87-30d7-4324-b87c-3ed0bfd02d47,4,"Ensure brush driving motor ratings as 24V, 100W",Text,TRUE,FALSE,TRUE,2025-10-26T10:30:00,2025-10-26T10:30:00
4c81dbe5-6189-4173-83f6-56073ba2aaa6,21c1cd87-30d7-4324-b87c-3ed0bfd02d47,5,"Ensure frames and other metal parts coating is not damaged and adequate level of galvanisation is done",Text,TRUE,FALSE,TRUE,2025-10-26T10:30:00,2025-10-26T10:30:00
dd2544e2-8b46-487b-bbbf-0714a1a590d8,21c1cd87-30d7-4324-b87c-3ed0bfd02d47,6,"a. Motors (3 No.)",Text,TRUE,FALSE,TRUE,2025-10-26T10:30:00,2025-10-26T10:30:00
aa3672b8-ced1-4585-b33c-5d8150bcff79,21c1cd87-30d7-4324-b87c-3ed0bfd02d47,7,"b. Brush（1 No.)",Text,TRUE,FALSE,TRUE,2025-10-26T10:30:00,2025-10-26T10:30:00
993d21f3-eab0-4ac1-be5c-f0ba5f7a6919,21c1cd87-30d7-4324-b87c-3ed0bfd02d47,8,"c. Position of electric control box",Text,TRUE,FALSE,TRUE,2025-10-26T10:30:00,2025-10-26T10:30:00
7baf4988-f55f-46b6-aeb7-8674922139b1,21c1cd87-30d7-4324-b87c-3ed0bfd02d47,9,"d. Body Covers",Text,TRUE,FALSE,TRUE,2025-10-26T10:30:00,2025-10-26T10:30:00
d715f840-5105-4e95-83a8-fcb2b18f4447,21c1cd87-30d7-4324-b87c-3ed0bfd02d47,10,"e. Position of Battery",Text,TRUE,FALSE,TRUE,2025-10-26T10:30:00,2025-10-26T10:30:00
d970b890-d0dc-454d-ae73-ae68d3bb231a,21c1cd87-30d7-4324-b87c-3ed0bfd02d47,11,"Check all fasteners are provided",Text,TRUE,FALSE,TRUE,2025-10-26T10:30:00,2025-10-26T10:30:00
a75f8510-42aa-4e9e-9701-ffa87942f98f,21c1cd87-30d7-4324-b87c-3ed0bfd02d47,12,"Check all the wire dressed properly in robot assembly",Text,TRUE,FALSE,TRUE,2025-10-26T10:30:00,2025-10-26T10:30:00
5e5da5cd-260e-4aeb-866e-80ffe8c75338,21c1cd87-30d7-4324-b87c-3ed0bfd02d47,13,"Check the alignment of wheel horizontally , vertically & straight  as per drawing",Text,TRUE,FALSE,TRUE,2025-10-26T10:30:00,2025-10-26T10:30:00
8c572a0f-a9a5-4f78-af7d-e2d019b9831e,21c1cd87-30d7-4324-b87c-3ed0bfd02d47,14,"Check the alignment of robot brush assembly",Text,TRUE,FALSE,TRUE,2025-10-26T10:30:00,2025-10-26T10:30:00
4f47fe3b-1645-4a91-be64-65a09c0f3276,21c1cd87-30d7-4324-b87c-3ed0bfd02d47,15,"Check the appreance without damage and colour change",Text,TRUE,FALSE,TRUE,2025-10-26T10:30:00,2025-10-26T10:30:00
5848263c-b125-4615-857e-d31a198f022f,21c1cd87-30d7-4324-b87c-3ed0bfd02d47,16,"Check the charging unit (Pin Installation , Alignment..)",Text,TRUE,FALSE,TRUE,2025-10-26T10:30:00,2025-10-26T10:30:00
498471b7-6de8-4d37-a084-c89ba58faf50,21c1cd87-30d7-4324-b87c-3ed0bfd02d47,17,"Check the wind resistance hooks installation",Text,TRUE,FALSE,TRUE,2025-10-26T10:30:00,2025-10-26T10:30:00
304a0cda-6ed1-47b4-9ca9-50593f00924b,343f0961-ef5d-4910-b16e-0f1e62568ac4,1,"Appearance - Check whether has scratches",Text,TRUE,FALSE,TRUE,2025-10-26T10:30:00,2025-10-26T10:30:00
94c4758f-a1a2-43d9-8962-f98eea22802b,343f0961-ef5d-4910-b16e-0f1e62568ac4,2,"Appearance - Top and bottom cover fasteners should be fastened ",Text,TRUE,FALSE,TRUE,2025-10-26T10:30:00,2025-10-26T10:30:00
94dadb5e-6015-4fc8-be1a-7e6c5eaaf58a,343f0961-ef5d-4910-b16e-0f1e62568ac4,3,"Appearance - Stickers should paste properly",Text,TRUE,FALSE,TRUE,2025-10-26T10:30:00,2025-10-26T10:30:00
da0200c0-c52f-4ba3-a7cb-83317a3b9f06,343f0961-ef5d-4910-b16e-0f1e62568ac4,4,"Appearance - Brush condition",Text,TRUE,FALSE,TRUE,2025-10-26T10:30:00,2025-10-26T10:30:00
a6953c35-078d-4664-ab27-d83694f69181,343f0961-ef5d-4910-b16e-0f1e62568ac4,5,"Cable dressing - All cable should be dressed properly, cannot affection brush rotating",Text,TRUE,FALSE,TRUE,2025-10-26T10:30:00,2025-10-26T10:30:00
a7e99931-fcb8-43d1-af23-442f7362b585,343f0961-ef5d-4910-b16e-0f1e62568ac4,6,"Loctite - Brush bolts and shaft bolts should fastened properly",Text,TRUE,FALSE,TRUE,2025-10-26T10:30:00,2025-10-26T10:30:00
8495bf33-e757-4c9f-b582-8b7ce9c9a9ba,343f0961-ef5d-4910-b16e-0f1e62568ac4,7,"Bolts torque - check 20% bolts check",Text,TRUE,FALSE,TRUE,2025-10-26T10:30:00,2025-10-26T10:30:00
c3eaf56e-3491-41c1-a8f5-acacec74336a,343f0961-ef5d-4910-b16e-0f1e62568ac4,8,"Bolts remark line - All bolts need remark line",Text,TRUE,FALSE,TRUE,2025-10-26T10:30:00,2025-10-26T10:30:00
9aec4c26-d4b6-4ab0-ae89-8bfe9b9a8e32,343f0961-ef5d-4910-b16e-0f1e62568ac4,9,"Cable - No cable damaged",Text,TRUE,FALSE,TRUE,2025-10-26T10:30:00,2025-10-26T10:30:00
72355512-0903-4e68-95f5-098eb3247d06,343f0961-ef5d-4910-b16e-0f1e62568ac4,10,"Operation - Normal working current",Text,TRUE,FALSE,TRUE,2025-10-26T10:30:00,2025-10-26T10:30:00
07c8a715-dc90-43e6-9278-4b7cd36b7c79,343f0961-ef5d-4910-b16e-0f1e62568ac4,11,"Operation - 3 colour LED blinking normal (check two colour)",Text,TRUE,FALSE,TRUE,2025-10-26T10:30:00,2025-10-26T10:30:00
603c22ce-de29-4a27-8baa-33473baf8511,343f0961-ef5d-4910-b16e-0f1e62568ac4,12,"Operation - No alarm",Text,TRUE,FALSE,TRUE,2025-10-26T10:30:00,2025-10-26T10:30:00
54247b65-26c4-49f8-ac77-451e8eede3d7,343f0961-ef5d-4910-b16e-0f1e62568ac4,13,"Operation - Sensor status (touch two sensor can stop)",Text,TRUE,FALSE,TRUE,2025-10-26T10:30:00,2025-10-26T10:30:00
58000273-2c57-47eb-99b0-61052800054e,343f0961-ef5d-4910-b16e-0f1e62568ac4,14,"Operation - Check the continuity of motor cable (+, -) terminal with robot body any bolts",Text,TRUE,FALSE,TRUE,2025-10-26T10:30:00,2025-10-26T10:30:00
1c3e634d-117e-4e08-be81-20a319e37c51,343f0961-ef5d-4910-b16e-0f1e62568ac4,15,"Self-charging Panel - Voltage is around 35V",Text,TRUE,FALSE,TRUE,2025-10-26T10:30:00,2025-10-26T10:30:00
37586b78-ceed-4510-bc86-5c0d2d81362d,343f0961-ef5d-4910-b16e-0f1e62568ac4,16,"Self-charging Panel - Check whether has any scratches surface of charging panel on (top/bottom)",Text,TRUE,FALSE,TRUE,2025-10-26T10:30:00,2025-10-26T10:30:00
3e3618b4-cdf0-4a00-a954-4e26e9d11b3b,46a45844-acb9-4d5d-b31f-4973ff4808b1,1,"Foundation checked as per drawing",Text,TRUE,FALSE,TRUE,2025-10-26T10:30:00,2025-10-26T10:30:00
607dd39d-a5b6-4451-b62c-3162e5b3b9b1,46a45844-acb9-4d5d-b31f-4973ff4808b1,2,"Foundation levelling checked",Text,TRUE,FALSE,TRUE,2025-10-26T10:30:00,2025-10-26T10:30:00
6b7c0736-600f-45f6-a9be-b86c52f65c42,46a45844-acb9-4d5d-b31f-4973ff4808b,3,"Check for space between rollers and provision in foundation are compatible",Text,TRUE,FALSE,TRUE,2025-10-26T10:30:00,2025-10-26T10:30:00
088668e4-10e1-4e55-b31b-155f1b8c13d0,46a45844-acb9-4d5d-b31f-4973ff4808b1,4,"Visual Internal inspection of transformer after completion of erection and before oil filling",Text,TRUE,FALSE,TRUE,2025-10-26T10:30:00,2025-10-26T10:30:00
36e92e25-6c34-4eec-98d5-c4874ddfaba5,46a45844-acb9-4d5d-b31f-4973ff4808b1,5,"All the accessories are mounted as per approved drawing",Text,TRUE,FALSE,TRUE,2025-10-26T10:30:00,2025-10-26T10:30:00
76864f62-c7f9-4bae-8d5c-5842e0a9a25a,46a45844-acb9-4d5d-b31f-4973ff4808b1,6,"Valve positions checked",Text,TRUE,FALSE,TRUE,2025-10-26T10:30:00,2025-10-26T10:30:00
3223b0f2-f97c-40f7-bef8-cc823522057b,46a45844-acb9-4d5d-b31f-4973ff4808b1,7,"Check the Buchholz relay and Oil Surge relay arrow is towards transformer conservator",Text,TRUE,FALSE,TRUE,2025-10-26T10:30:00,2025-10-26T10:30:00
3a5bb633-c242-4ebb-b96e-3b51f78c49de,46a45844-acb9-4d5d-b31f-4973ff4808b1,8,"Check air flow through breather is not obstructed by any gasket etc",Text,TRUE,FALSE,TRUE,2025-10-26T10:30:00,2025-10-26T10:30:00
d9d8b92f-0872-4057-b477-1e221a55de49,46a45844-acb9-4d5d-b31f-4973ff4808b1,9,"Ensure that the colour of silica gel in breather is blue / orange as per agreement and supplied by OEM",Text,TRUE,FALSE,TRUE,2025-10-26T10:30:00,2025-10-26T10:30:00
0cb4451c-2157-4f32-b870-55d128cca6e9,46a45844-acb9-4d5d-b31f-4973ff4808b1,10,"Check for damages to CT",Text,TRUE,FALSE,TRUE,2025-10-26T10:30:00,2025-10-26T10:30:00
b6dae26f-7c3c-4438-b68e-e04309a935c9,46a45844-acb9-4d5d-b31f-4973ff4808b1,11,"Check for items to be mounted is cleaned without leaving any loose fibres with dry cloth",Text,TRUE,FALSE,TRUE,2025-10-26T10:30:00,2025-10-26T10:30:00
911e40cd-95e1-437b-b092-984927aa8f90,46a45844-acb9-4d5d-b31f-4973ff4808b1,12,"OTI/WTI capillary checks for correctness / fitment and for oil level in oil pockets",Text,TRUE,FALSE,TRUE,2025-10-26T10:30:00,2025-10-26T10:30:00
390caa5e-3045-42c5-8563-899d716db12c,47a0f5ff-9978-4abf-98a3-d1c99f095e15,1,"Before starting oil filtration, BDV values have to be measured and recorded for comparison with after values",Text,TRUE,FALSE,TRUE,2025-10-26T10:30:00,2025-10-26T10:30:00
6e1b7655-90cb-40d8-a4a5-6ac201c6b9a5,47a0f5ff-9978-4abf-98a3-d1c99f095e15,2,"The filtration machine and DG should be kept on separate stands",Text,TRUE,FALSE,TRUE,2025-10-26T10:30:00,2025-10-26T10:30:00
595845c0-83ef-42b9-a157-b4663212aa1f,47a0f5ff-9978-4abf-98a3-d1c99f095e15,3,"Ensure new filters/clean filters are used during oil filtration work",Text,TRUE,FALSE,TRUE,2025-10-26T10:30:00,2025-10-26T10:30:00
141adcd6-6039-4df6-9625-cfc6e39ebf8b,47a0f5ff-9978-4abf-98a3-d1c99f095e15,4,"Check that all Drain valves, airing valves, oil inlet and outlet valves, sample valves are closed",Text,TRUE,FALSE,TRUE,2025-10-26T10:30:00,2025-10-26T10:30:00
d95c801b-0128-4477-b2cf-66c89172a31c,47a0f5ff-9978-4abf-98a3-d1c99f095e15,5,"Check starting of heater after setting desired temperature",Text,TRUE,FALSE,TRUE,2025-10-26T10:30:00,2025-10-26T10:30:00
fe3af98c-0aa0-45f3-9dcb-8846f477538e,47a0f5ff-9978-4abf-98a3-d1c99f095e15,6,"Check Before pumping, BDV values are reached at desired value",Text,TRUE,FALSE,TRUE,2025-10-26T10:30:00,2025-10-26T10:30:00
6d44349a-20aa-41aa-911a-08908ca6eb3b,47a0f5ff-9978-4abf-98a3-d1c99f095e15,7,"Separate Oli Circulation for cooling circuit & main tank before opening valves between tank & cooling circuit",Text,TRUE,FALSE,TRUE,2025-10-26T10:30:00,2025-10-26T10:30:00
e3af82dc-674d-4644-b042-524ad4766bd1,47a0f5ff-9978-4abf-98a3-d1c99f095e15,8,"Check for damage and oil leakages",Text,TRUE,FALSE,TRUE,2025-10-26T10:30:00,2025-10-26T10:30:00
98109e75-ec5b-4b5f-9f0c-8dfaec06e554,47a0f5ff-9978-4abf-98a3-d1c99f095e15,9,"Valve positions checked",Text,TRUE,FALSE,TRUE,2025-10-26T10:30:00,2025-10-26T10:30:00
54f11ca2-5979-475a-a85c-19a227341098,47a0f5ff-9978-4abf-98a3-d1c99f095e15,10,"Check for release air from vent plugs, viz main tank, Buchholz relay, OLTC Conservator, Main Conservator, HV and LV Bushing",Text,TRUE,FALSE,TRUE,2025-10-26T10:30:00,2025-10-26T10:30:00
5a56d070-d2cb-4d8b-a0c7-d5884971d073,47a0f5ff-9978-4abf-98a3-d1c99f095e15,11,"All points of NIFPS protocol are closed",Text,TRUE,FALSE,TRUE,2025-10-26T10:30:00,2025-10-26T10:30:00
60ea40dc-b3f5-4591-9c3c-31c3df32b0a5,47a0f5ff-9978-4abf-98a3-d1c99f095e15,12,"Check that oil filling(if required) is done strictly under vacuum as per instruction",Text,TRUE,FALSE,TRUE,2025-10-26T10:30:00,2025-10-26T10:30:00
aa1af7b3-5880-46f4-ba4d-a073c2af3c0d,47a0f5ff-9978-4abf-98a3-d1c99f095e15,13,"Ensure that oil filling in conservator is done as per instruction at specified rate and check the working of pressure relief valve",Text,TRUE,FALSE,TRUE,2025-10-26T10:30:00,2025-10-26T10:30:00
ee72ca41-37be-420e-a333-99b9a75cc2f1,47a0f5ff-9978-4abf-98a3-d1c99f095e15,14,"Oil leakage test as per specification",Text,TRUE,FALSE,TRUE,2025-10-26T10:30:00,2025-10-26T10:30:00
bdcb40b7-1535-45ff-92fe-d6bdf767b860,a658477a-782f-4078-988a-3af38cf951be,1,"Check visually of the cable boxes from outside to make sure there is no damage",Text,TRUE,FALSE,TRUE,2025-10-26T10:30:00,2025-10-26T10:30:00
902fc37d-a8de-43f0-bfdc-6eec63cd8c54,a658477a-782f-4078-988a-3af38cf951be,2,"Ensure cutout of suitable sized holes in the gland plate to feed the cables",Text,TRUE,FALSE,TRUE,2025-10-26T10:30:00,2025-10-26T10:30:00
64b2eefb-d94c-4c53-a213-77bfc0fcbf49,a658477a-782f-4078-988a-3af38cf951be,3,"Ensure LV cable boxes shall be provided with necessary LV bushings, bus bars, bus bar support for making cable terminations",Text,TRUE,FALSE,TRUE,2025-10-26T10:30:00,2025-10-26T10:30:00
5474f3aa-9b33-47c9-9e27-630df97eb73d,a658477a-782f-4078-988a-3af38cf951be,4,"Check using of correct glands to provide support",Text,TRUE,FALSE,TRUE,2025-10-26T10:30:00,2025-10-26T10:30:00
2418c17c-7bbc-492f-8d00-3eb8aa8de572,a658477a-782f-4078-988a-3af38cf951be,5,"Verify lug size and material",Text,TRUE,FALSE,TRUE,2025-10-26T10:30:00,2025-10-26T10:30:00
b17fc68c-d0f5-486b-90f2-b82b297e1ee9,a658477a-782f-4078-988a-3af38cf951be,6,"Ensure conductors requiring bolted connections shall be terminated with compression lugs using compression crimping tools",Text,TRUE,FALSE,TRUE,2025-10-26T10:30:00,2025-10-26T10:30:00
9348345f-f978-4edd-b6a4-76226f77f83d,a658477a-782f-4078-988a-3af38cf951be,7,"Ensure termination of cables with bus bar/terminal block with adequate spring and flat washer",Text,TRUE,FALSE,TRUE,2025-10-26T10:30:00,2025-10-26T10:30:00
b299621c-42f0-41eb-ad59-2fd121f32ab3,a658477a-782f-4078-988a-3af38cf951be,8,"Ensure termination of nut, bolts to be tightened and to be checked with torque wrench, torque range will vary with respect to size and bolt material",Text,TRUE,FALSE,TRUE,2025-10-26T10:30:00,2025-10-26T10:30:00
0076c135-2e59-446e-9e01-d037da0decdf,a658477a-782f-4078-988a-3af38cf951be,9,"Verify providing of cable tags and all unused holes are sealed",Text,TRUE,FALSE,TRUE,2025-10-26T10:30:00,2025-10-26T10:30:00
ac90e011-74e3-4496-88a8-faf13af7c457,a658477a-782f-4078-988a-3af38cf951be,10,"Verify reattaching of LV cable box cover & proper torque",Text,TRUE,FALSE,TRUE,2025-10-26T10:30:00,2025-10-26T10:30:00
d85d37aa-6874-4c3b-b685-203663991d31,a658477a-782f-4078-988a-3af38cf951be,11,"Ensure Earth buses are of proper size and material",Text,TRUE,FALSE,TRUE,2025-10-26T10:30:00,2025-10-26T10:30:00
2d113bb0-0bcb-48bb-81de-69cb6174449e,a658477a-782f-4078-988a-3af38cf951be,12,"Verify earthing bus welded area are clean and properly coated of anti-corrosion paint",Text,TRUE,FALSE,TRUE,2025-10-26T10:30:00,2025-10-26T10:30:00
532bbc0c-4ef1-4cb9-9038-87372e7f06d1,a658477a-782f-4078-988a-3af38cf951be,13,"Verify earth buses are connected in proper earth route up to main grid",Text,TRUE,FALSE,TRUE,2025-10-26T10:30:00,2025-10-26T10:30:00
f2e1d4cb-27e9-429a-a083-6614b91bc390,a658477a-782f-4078-988a-3af38cf951be,14,"Measure pit/grid resistance before charging of Transformer",Text,TRUE,FALSE,TRUE,2025-10-26T10:30:00,2025-10-26T10:30:00
3ee4cb1a-3c41-472f-904b-b17ff51afcbc,73216aa0-2eab-4bf0-ac79-e69854cfb3c1,1,"Check for correctness of foundation as per drawing",Text,TRUE,FALSE,TRUE,2025-10-26T10:30:00,2025-10-26T10:30:00
fb614f84-8035-488a-a3e9-fc455a1b9ba3,73216aa0-2eab-4bf0-ac79-e69854cfb3c1,2,"Ensure that no fouling with civil/structural",Text,TRUE,FALSE,TRUE,2025-10-26T10:30:00,2025-10-26T10:30:00
b0b0eaa3-1a2b-4157-99b0-18252124cb92,73216aa0-2eab-4bf0-ac79-e69854cfb3c1,3,"Ensure that the foundation are levelled & base frame if any is installed",Text,TRUE,FALSE,TRUE,2025-10-26T10:30:00,2025-10-26T10:30:00
3268b914-12d4-43c8-a52a-005075d34e16,73216aa0-2eab-4bf0-ac79-e69854cfb3c1,4,"Check for erection of Base Frames",Text,TRUE,FALSE,TRUE,2025-10-26T10:30:00,2025-10-26T10:30:00
e01afeaa-2552-4b4f-bb7c-8499967984d3,73216aa0-2eab-4bf0-ac79-e69854cfb3c1,5,"Check for completion of Inter panel wiring as per drawing",Text,TRUE,FALSE,TRUE,2025-10-26T10:30:00,2025-10-26T10:30:00
fbda8be1-22b3-4584-a487-5031036d7f8e,73216aa0-2eab-4bf0-ac79-e69854cfb3c1,6,"Check completion of all wiring & the cable tags and ferrules are provided as per cable schedule",Text,TRUE,FALSE,TRUE,2025-10-26T10:30:00,2025-10-26T10:30:00
30f351fd-2889-4dde-a3d7-88a9cd895ff7,73216aa0-2eab-4bf0-ac79-e69854cfb3c1,7,"Check CT secondary is shorted when not in use",Text,TRUE,FALSE,TRUE,2025-10-26T10:30:00,2025-10-26T10:30:00
faf5d9d0-8495-4fdd-abe4-e3ca274416da,73216aa0-2eab-4bf0-ac79-e69854cfb3c1,8,"Check for IR values",Text,TRUE,FALSE,TRUE,2025-10-26T10:30:00,2025-10-26T10:30:00
db7c514a-f96f-41b6-99bd-d61f90944b1d,73216aa0-2eab-4bf0-ac79-e69854cfb3c1,9,"Check the wiring schemes & functional test of all components for healthiness",Text,TRUE,FALSE,TRUE,2025-10-26T10:30:00,2025-10-26T10:30:00
4a0d47e7-3150-4397-9f20-dc111e093a32,73216aa0-2eab-4bf0-ac79-e69854cfb3c1,10,"Check for logical operation as per approved drawing",Text,TRUE,FALSE,TRUE,2025-10-26T10:30:00,2025-10-26T10:30:00
2c2ddb49-2b28-408f-8a12-923e4c34670d,73216aa0-2eab-4bf0-ac79-e69854cfb3c1,11,"Ensure that the panel is cleaned and closed in all respect",Text,TRUE,FALSE,TRUE,2025-10-26T10:30:00,2025-10-26T10:30:00
73e7f2f4-90ce-41c5-9b98-0ed4aaba1ec6,73216aa0-2eab-4bf0-ac79-e69854cfb3c1,12,"Ensure that the CT circuits are shorted",Text,TRUE,FALSE,TRUE,2025-10-26T10:30:00,2025-10-26T10:30:00
8aa6c571-d0a8-4ed7-9050-da1371c4de89,73216aa0-2eab-4bf0-ac79-e69854cfb3c1,13,"Check closing, tripping and opening circuit of breaker",Text,TRUE,FALSE,TRUE,2025-10-26T10:30:00,2025-10-26T10:30:00
e1c996f0-119d-4d72-af5a-54b3ed3c5aec,1398c6c8-5d2c-4913-b229-37496ac6d3ba,1,"Check for the tightness of Inter panel bolting",Text,TRUE,FALSE,TRUE,2025-10-26T10:30:00,2025-10-26T10:30:00
1d2b9fb4-a58b-42c1-af05-85bd03266a66,1398c6c8-5d2c-4913-b229-37496ac6d3ba,2,"Ensure the tightness of Bus Bars as per torque requirement.",Text,TRUE,FALSE,TRUE,2025-10-26T10:30:00,2025-10-26T10:30:00
bd60d334-1bad-4428-b202-fd8e12e0c369,1398c6c8-5d2c-4913-b229-37496ac6d3ba,3,"Check for Phase to Phase & Phase to earth Clearance",Text,TRUE,FALSE,TRUE,2025-10-26T10:30:00,2025-10-26T10:30:00
204416c2-9dc5-4f4f-9478-6339cd592a20,1398c6c8-5d2c-4913-b229-37496ac6d3ba,4,"Check for alignment of Breaker",Text,TRUE,FALSE,TRUE,2025-10-26T10:30:00,2025-10-26T10:30:00
38dcdeea-944c-461f-aef2-a8e2b9814009,1398c6c8-5d2c-4913-b229-37496ac6d3ba,5,"Ensure proper Earthing as per drawing",Text,TRUE,FALSE,TRUE,2025-10-26T10:30:00,2025-10-26T10:30:00
b07351ae-14f3-4de0-b9d5-36a64af6e1cd,1398c6c8-5d2c-4913-b229-37496ac6d3ba,6,"Check that all unused holes are sealed",Text,TRUE,FALSE,TRUE,2025-10-26T10:30:00,2025-10-26T10:30:00
1de8bfa9-65a0-4bbe-89d7-3373ded7810a,1398c6c8-5d2c-4913-b229-37496ac6d3ba,7,"Check the Bus bar tightness as per torque requirement",Text,TRUE,FALSE,TRUE,2025-10-26T10:30:00,2025-10-26T10:30:00
26ea1e08-530a-4af6-843b-ceadd59d20b6,1398c6c8-5d2c-4913-b229-37496ac6d3ba,8,"Ensure Earthing is carried out as per drawing",Text,TRUE,FALSE,TRUE,2025-10-26T10:30:00,2025-10-26T10:30:00
5e5acb2d-92b8-4361-959b-e74b68a606c0,c473d177-ebaa-4307-b5a8-0fdfdc0e4525,1,"Check for correctness of foundation as per drawing",Text,TRUE,FALSE,TRUE,2025-10-26T10:30:00,2025-10-26T10:30:00
8f83f137-aee3-4bc2-8bb2-3d2b40deab79,c473d177-ebaa-4307-b5a8-0fdfdc0e4525,2,"Ensure that no fouling with civil/structural",Text,TRUE,FALSE,TRUE,2025-10-26T10:30:00,2025-10-26T10:30:00
3b9f8d0e-e0fa-4038-9552-8323dc48c20c,c473d177-ebaa-4307-b5a8-0fdfdc0e4525,3,"Ensure that the foundation are levelled & base frame if any is installed",Text,TRUE,FALSE,TRUE,2025-10-26T10:30:00,2025-10-26T10:30:00
7f93d38a-caaa-46ab-b8c8-1c74ad68997b,c473d177-ebaa-4307-b5a8-0fdfdc0e4525,4,"Check the GA & Schematic Drawings.",Text,TRUE,FALSE,TRUE,2025-10-26T10:30:00,2025-10-26T10:30:00
f9d07d50-64b4-43ef-a45b-28a0baa8278c,c473d177-ebaa-4307-b5a8-0fdfdc0e4525,5,"Verify the ratings of Breaker",Text,TRUE,FALSE,TRUE,2025-10-26T10:30:00,2025-10-26T10:30:00
d0020b26-3847-4d69-9f74-87891fde0675,c473d177-ebaa-4307-b5a8-0fdfdc0e4525,6,"Verify the physical condition of the selector switch",Text,TRUE,FALSE,TRUE,2025-10-26T10:30:00,2025-10-26T10:30:00
61fccc8a-a4d3-4d07-9908-8c3bf1243732,c473d177-ebaa-4307-b5a8-0fdfdc0e4525,7,"Check for erection of Base Frames",Text,TRUE,FALSE,TRUE,2025-10-26T10:30:00,2025-10-26T10:30:00
69a34c67-24db-426b-8a64-c58e70c55ab0,c473d177-ebaa-4307-b5a8-0fdfdc0e4525,8,"Check for completion of Internal panel wiring as per drawing",Text,TRUE,FALSE,TRUE,2025-10-26T10:30:00,2025-10-26T10:30:00
3a2429c1-04f3-47be-8f68-108cc2d42798,c473d177-ebaa-4307-b5a8-0fdfdc0e4525,9,"Check that all unused holes are sealed",Text,TRUE,FALSE,TRUE,2025-10-26T10:30:00,2025-10-26T10:30:00
967f9409-8717-4f64-8278-eef4ae88d171,4742d355-0541-4309-9d05-e07823a83821,1,"Check for the tightness of Inter panel bolting",Text,TRUE,FALSE,TRUE,2025-10-26T10:30:00,2025-10-26T10:30:00
31b87c16-d8a9-4bce-a251-369cce436659,4742d355-0541-4309-9d05-e07823a83821,2,"Ensure the tightness of Bus Bars as per torque requirement recommended by manufacturer",Text,TRUE,FALSE,TRUE,2025-10-26T10:30:00,2025-10-26T10:30:00
3fe1dc09-a441-4be0-bad2-52c881843135,4742d355-0541-4309-9d05-e07823a83821,3,"Check for Phase to Phase & Phase to earth Clearance",Text,TRUE,FALSE,TRUE,2025-10-26T10:30:00,2025-10-26T10:30:00
b7ce8c87-9ef2-415f-9be2-5dfcfc99b052,4742d355-0541-4309-9d05-e07823a83821,4,"Check for alignment of breaker",Text,TRUE,FALSE,TRUE,2025-10-26T10:30:00,2025-10-26T10:30:00
23e907ec-b2c0-4a5c-aced-7a54e3e1cc0e,4742d355-0541-4309-9d05-e07823a83821,5,"Ensure proper Earthing as per drawing",Text,TRUE,FALSE,TRUE,2025-10-26T10:30:00,2025-10-26T10:30:00
8a9d09a5-8ce7-4359-99c6-0355be67758f,4742d355-0541-4309-9d05-e07823a83821,6,"Check completion of all wiring & the cable tags and ferrules are provided as per cable schedule",Text,TRUE,FALSE,TRUE,2025-10-26T10:30:00,2025-10-26T10:30:00
bd579500-ad68-455c-9983-53005170823a,4742d355-0541-4309-9d05-e07823a83821,7,"Check the Bus bar tightness as per Torque requirement recommended by manufacturer",Text,TRUE,FALSE,TRUE,2025-10-26T10:30:00,2025-10-26T10:30:00
2f52058f-09bd-48ce-9693-4a6079c4b9ee,4742d355-0541-4309-9d05-e07823a83821,8,"Ensure earthing is carried out as per drawing",Text,TRUE,FALSE,TRUE,2025-10-26T10:30:00,2025-10-26T10:30:00
2e885c07-e81e-4ff3-a320-023c3f465d00,4742d355-0541-4309-9d05-e07823a83821,9,"Check bus bar shrouds and fixing",Text,TRUE,FALSE,TRUE,2025-10-26T10:30:00,2025-10-26T10:30:00
bb933d03-2bc6-4981-9507-45421130a1ee,4027b03d-2fdb-4a2d-b5d8-44284b9ccd85,1,"Foundation checked as per drawing",Text,TRUE,FALSE,TRUE,2025-10-26T10:30:00,2025-10-26T10:30:00
c8ccbd57-576b-410b-997c-770d34b09a05,4027b03d-2fdb-4a2d-b5d8-44284b9ccd85,2,"Foundation levelling checked",Text,TRUE,FALSE,TRUE,2025-10-26T10:30:00,2025-10-26T10:30:00
a547761b-00f7-4ec2-9eaa-099bc4d26fe4,4027b03d-2fdb-4a2d-b5d8-44284b9ccd85,3,"Clearances between live parts to earth to be checked",Text,TRUE,FALSE,TRUE,2025-10-26T10:30:00,2025-10-26T10:30:00
7a56548f-5054-40c3-9607-ccc2271e12f7,7444a79d-ea52-4fc7-81b3-2c5574e94a5c,1,"Ensure Cable Termination at HV/LV Done as per Manual/Drawing",Text,TRUE,FALSE,TRUE,2025-10-26T10:30:00,2025-10-26T10:30:00
0cb2110d-3d7e-4270-b1a8-d944e128aadd,7444a79d-ea52-4fc7-81b3-2c5574e94a5c,2,"Ensure Equipment’s Body Earthing is Carried out as per Specification",Text,TRUE,FALSE,TRUE,2025-10-26T10:30:00,2025-10-26T10:30:00
dd2f0089-53f6-47c7-b124-7bf91b255022,7444a79d-ea52-4fc7-81b3-2c5574e94a5c,3,"Ensure Neutral Earthing & HV/LV Box Earthing is Done Properly",Text,TRUE,FALSE,TRUE,2025-10-26T10:30:00,2025-10-26T10:30:00
4ceb6119-bd20-472e-a3d3-4a0bd0712f17,7444a79d-ea52-4fc7-81b3-2c5574e94a5c,4,"Ensure Tightness of Earthing Strips and Cable Termination",Text,TRUE,FALSE,TRUE,2025-10-26T10:30:00,2025-10-26T10:30:00
b8350db0-7a76-4cee-b72e-7a719badcfd4,043f0e1a-2cac-47bd-9273-b2bddb48975d,1,"Check for Cable drum number and length. Record as per format AGEL/QA//E/F/022/A",Text,TRUE,FALSE,TRUE,2025-10-26T10:30:00,2025-10-26T10:30:00
63be30af-73fe-4b36-9c4f-86e3f81910e8,043f0e1a-2cac-47bd-9273-b2bddb48975d,2,"Check that no source of heat",Text,TRUE,FALSE,TRUE,2025-10-26T10:30:00,2025-10-26T10:30:00
54bff51c-8592-468c-81e4-2cbf1082bee6,043f0e1a-2cac-47bd-9273-b2bddb48975d,3,"Check that the cable bending radius is as per specification/IS 1255",Text,TRUE,FALSE,TRUE,2025-10-26T10:30:00,2025-10-26T10:30:00
8e112b5c-6415-4c0d-94c3-6c3da8ef4f7a,043f0e1a-2cac-47bd-9273-b2bddb48975d,4,"Check proper dressing of cables with cable ties",Text,TRUE,FALSE,TRUE,2025-10-26T10:30:00,2025-10-26T10:30:00
b3b14473-d2d4-46c5-9a1f-43c26a97714a,043f0e1a-2cac-47bd-9273-b2bddb48975d,5,"For hanger systems: Check cable clearance from ground as per drawing in North-South and East-West direction",Text,TRUE,FALSE,TRUE,2025-10-26T10:30:00,2025-10-26T10:30:00
8abf91f9-acb9-46dc-a1b5-b1de4185edda,043f0e1a-2cac-47bd-9273-b2bddb48975d,6,"For hanger systems: check hanger-to-hanger distance as per drawing",Text,TRUE,FALSE,TRUE,2025-10-26T10:30:00,2025-10-26T10:30:00
a2ce1cd2-a991-4d77-83f8-6d95ac50aa1d,043f0e1a-2cac-47bd-9273-b2bddb48975d,7,"Check the IR values & continuity for Power cables & record with dates",Text,TRUE,FALSE,TRUE,2025-10-26T10:30:00,2025-10-26T10:30:00
0e27ed42-aaa3-4b53-a409-ceca76a19cc7,2cecf7a5-0363-4436-a637-d8ae2619bd8f,1,"Ensure Proper Routing of Messenger Wire as per Drawing",Text,TRUE,FALSE,TRUE,2025-10-26T10:30:00,2025-10-26T10:30:00
2c5d98a6-4f7f-4284-8ca6-dfaf050c01b3,2cecf7a5-0363-4436-a637-d8ae2619bd8f,2,"Ensure Tightness of Messenger Wire and It’s Hardware as per Requirement",Text,TRUE,FALSE,TRUE,2025-10-26T10:30:00,2025-10-26T10:30:00
f012ad49-270b-4793-82ed-4c8b1bcbe253,17d6b538-ab06-4bc4-9849-fcfed77d61ee,1,"Check cable terminations are done with proper size and type of cable glands and lugs",Text,TRUE,FALSE,TRUE,2025-10-26T10:30:00,2025-10-26T10:30:00
5b4675b3-cd1b-4f4b-954d-535ce4c192ac,17d6b538-ab06-4bc4-9849-fcfed77d61ee,2,"Check that the cables are clamped as per specifications",Text,TRUE,FALSE,TRUE,2025-10-26T10:30:00,2025-10-26T10:30:00
8e295427-9a76-4ae0-a8fe-c99c7da1027d,17d6b538-ab06-4bc4-9849-fcfed77d61ee,3,"Check the tightness of nut",Text,TRUE,FALSE,TRUE,2025-10-26T10:30:00,2025-10-26T10:30:00
dcf1ebe7-9abd-4f3c-a13f-6b5ddc88599b,17d6b538-ab06-4bc4-9849-fcfed77d61ee,4,"Check proper crimping of lugs",Text,TRUE,FALSE,TRUE,2025-10-26T10:30:00,2025-10-26T10:30:00
a7052d6e-ee02-4b9d-9928-738590878e84,25489e21-44a3-4d6a-8a13-907282e52d60,1,"Cable cutting schedule/ laying path is available",Text,TRUE,FALSE,TRUE,2025-10-26T10:30:00,2025-10-26T10:30:00
fa9d8e85-92f5-4e99-965b-1ba65ff029f2,25489e21-44a3-4d6a-8a13-907282e52d60,2,"Check cable drum number and length as per schedule",Text,TRUE,FALSE,TRUE,2025-10-26T10:30:00,2025-10-26T10:30:00
fdef75b2-e403-4e04-a9d0-8c1ea279aab2,25489e21-44a3-4d6a-8a13-907282e52d60,3,"Check proper identification of Positive & negative cable drums",Text,TRUE,FALSE,TRUE,2025-10-26T10:30:00,2025-10-26T10:30:00
db9b5a31-39e6-4883-9a4b-d437d914f351,25489e21-44a3-4d6a-8a13-907282e52d60,4,"Check there are no damages to cables",Text,TRUE,FALSE,TRUE,2025-10-26T10:30:00,2025-10-26T10:30:00
781998f1-681f-46bc-8ee0-82356d5ebdda,25489e21-44a3-4d6a-8a13-907282e52d60,5,"Check Y-Connections are done",Text,TRUE,FALSE,TRUE,2025-10-26T10:30:00,2025-10-26T10:30:00
24238351-387b-4b08-9495-feffa3afea01,25489e21-44a3-4d6a-8a13-907282e52d60,6,"Check row to row stringing cables with HDPE conduit pipes are buried at a minimum depth as per drawing from FGL",Text,TRUE,FALSE,TRUE,2025-10-26T10:30:00,2025-10-26T10:30:00
ebc203c3-25dc-43ee-afc9-1b4d03e8ccff,25489e21-44a3-4d6a-8a13-907282e52d60,7,"Check proper coupler used b/w HDPE conduit joints",Text,TRUE,FALSE,TRUE,2025-10-26T10:30:00,2025-10-26T10:30:00
bca035aa-ab5d-48d6-9374-f528dd7d8f58,25489e21-44a3-4d6a-8a13-907282e52d60,8,"Check UV rated cable ties used for dressing of HDPE conduit pipes with MMS vertical stub",Text,TRUE,FALSE,TRUE,2025-10-26T10:30:00,2025-10-26T10:30:00
4b704fef-519c-4478-ac16-f72535b1ca7c,25489e21-44a3-4d6a-8a13-907282e52d60,9,"Check HDPE pipes are used b/w table to table gaps for cable strings",Text,TRUE,FALSE,TRUE,2025-10-26T10:30:00,2025-10-26T10:30:00
25be7362-e0ec-4968-acec-18cab232cbcc,25489e21-44a3-4d6a-8a13-907282e52d60,10,"Ensure MC4 Connectors crimping to be done as per specification",Text,TRUE,FALSE,TRUE,2025-10-26T10:30:00,2025-10-26T10:30:00
45479747-50ca-4260-aed6-367c564c9449,25489e21-44a3-4d6a-8a13-907282e52d60,11,"Check dressing should be done proper with suitable UV rated cable ties for all laid string cables below the modules & string inverters",Text,TRUE,FALSE,TRUE,2025-10-26T10:30:00,2025-10-26T10:30:00
3f860b93-e9e9-4629-9a54-86d646127cb2,25489e21-44a3-4d6a-8a13-907282e52d60,12,"Check HDPE conduit pipes are sealed with Puff-sealant at both ends",Text,TRUE,FALSE,TRUE,2025-10-26T10:30:00,2025-10-26T10:30:00
d42752de-6477-4afc-90cc-83f777e0d3e6,25489e21-44a3-4d6a-8a13-907282e52d60,13,"Ensure that there shall be no joints in Looping Area",Text,TRUE,FALSE,TRUE,2025-10-26T10:30:00,2025-10-26T10:30:00
8fad7558-d097-489b-98d6-1b6e0c94612c,e330d1e9-3e7c-4712-8c2e-2d5cc7b94c4b,1,"Check module-to-module series connection (28 No’s of Modules per String) is done as per drawing",Text,TRUE,FALSE,TRUE,2025-10-26T10:30:00,2025-10-26T10:30:00
93b08087-d5b0-4dfe-8c36-988005ac380d,e330d1e9-3e7c-4712-8c2e-2d5cc7b94c4b,2,Check Y-Connections are done,Text,TRUE,FALSE,TRUE,2025-10-26T10:30:00,2025-10-26T10:30:00
de8cbb8f-1d40-4c7b-b4e5-33476420734b,e330d1e9-3e7c-4712-8c2e-2d5cc7b94c4b,3,Check proper coupler used b/w HDPE conduit joints,Text,TRUE,FALSE,TRUE,2025-10-26T10:30:00,2025-10-26T10:30:00
8a171cea-c9d8-4a37-96df-a2a83e809f61,e330d1e9-3e7c-4712-8c2e-2d5cc7b94c4b,4,Check UV rated cable ties used for dressing of HDPE conduit pipes with MMS vertical stub,Text,TRUE,FALSE,TRUE,2025-10-26T10:30:00,2025-10-26T10:30:00
a9d00408-439b-475f-be8f-682404c0c817,e330d1e9-3e7c-4712-8c2e-2d5cc7b94c4b,5,Check HDPE pipes are used b/w table to table gaps for cable strings,Text,TRUE,FALSE,TRUE,2025-10-26T10:30:00,2025-10-26T10:30:00
df49dc06-3f20-4f9b-a6cb-604ca048f075,e330d1e9-3e7c-4712-8c2e-2d5cc7b94c4b,6,Ensure MC4 Connectors crimping to be done as per specification,Text,TRUE,FALSE,TRUE,2025-10-26T10:30:00,2025-10-26T10:30:00
e456efc0-065c-4e61-8490-ff7efefbc24a,e330d1e9-3e7c-4712-8c2e-2d5cc7b94c4b,7,Check Male & Female MC4 connectors lugs are crimped properly,Text,TRUE,FALSE,TRUE,2025-10-26T10:30:00,2025-10-26T10:30:00
503a1a3c-cef3-4169-b170-c3616e39302f,e330d1e9-3e7c-4712-8c2e-2d5cc7b94c4b,8,Check suitable size ferrules are provided at both module & string inverter ends for string identification,Text,TRUE,FALSE,TRUE,2025-10-26T10:30:00,2025-10-26T10:30:00
00977f70-46ce-44dc-af94-4068af63712f,e330d1e9-3e7c-4712-8c2e-2d5cc7b94c4b,9,Check dressing should be done proper with suitable UV rated cable ties for all laid string cables below the modules & string inverters,Text,TRUE,FALSE,TRUE,2025-10-26T10:30:00,2025-10-26T10:30:00
55c5bb62-e0d1-4151-9dea-386549f5a7c7,e330d1e9-3e7c-4712-8c2e-2d5cc7b94c4b,10,Check HDPE conduit pipes are sealed with Puff-sealant at both ends,Text,TRUE,FALSE,TRUE,2025-10-26T10:30:00,2025-10-26T10:30:00
0edeaa3b-1e61-4b36-b4ad-f0e942359a9d,e330d1e9-3e7c-4712-8c2e-2d5cc7b94c4b,11,Ensure that there shall be no joints in Looping Area,Text,TRUE,FALSE,TRUE,2025-10-26T10:30:00,2025-10-26T10:30:00
bbee30aa-187a-4791-83e6-b89e8253e058,e330d1e9-3e7c-4712-8c2e-2d5cc7b94c4b,12,Check VOC of Each String and Maintain Records with Dates,Text,TRUE,FALSE,TRUE,2025-10-26T10:30:00,2025-10-26T10:30:00
48d74147-7247-4c30-b6a6-d5ebfd17e2b6,c975927e-b36c-47cd-9810-fe0c26706d81,1,Check the orientation of the support structures as per approved drawing,Text,TRUE,FALSE,TRUE,2025-10-26T10:30:00,2025-10-26T10:30:00
37baa234-6b2a-4a91-96fd-adae1cc68d44,c975927e-b36c-47cd-9810-fe0c26706d81,2,Check the ground clearance of the inverter as per drawing,Text,TRUE,FALSE,TRUE,2025-10-26T10:30:00,2025-10-26T10:30:00
f571abca-a5a6-4f81-bf5c-36d667cfe315,c975927e-b36c-47cd-9810-fe0c26706d81,3,Check for erection of Base Frames,Text,TRUE,FALSE,TRUE,2025-10-26T10:30:00,2025-10-26T10:30:00
668412dc-6707-4361-bf2e-2eda17510b1a,c975927e-b36c-47cd-9810-fe0c26706d81,4,Check at both sides of bolts washers are provided,Text,TRUE,FALSE,TRUE,2025-10-26T10:30:00,2025-10-26T10:30:00
c90903c1-e3a4-41a5-ab5e-53f23a590d52,c975927e-b36c-47cd-9810-fe0c26706d81,5,Check the tightness of nut,Text,TRUE,FALSE,TRUE,2025-10-26T10:30:00,2025-10-26T10:30:00
e62b9c21-0ded-4ec4-ba8d-62cec7bca0f1,c975927e-b36c-47cd-9810-fe0c26706d81,6,Check for alignment of String inverter,Text,TRUE,FALSE,TRUE,2025-10-26T10:30:00,2025-10-26T10:30:00
c28dbca4-e4a4-4e2f-b592-1f4d5d8ce966,c975927e-b36c-47cd-9810-fe0c26706d81,7,Ensure proper Earthing as per drawing,Text,TRUE,FALSE,TRUE,2025-10-26T10:30:00,2025-10-26T10:30:00
a1708b33-6138-41a1-aa39-a578c60abcf3,c975927e-b36c-47cd-9810-fe0c26706d81,8,Check that all unused holes are sealed,Text,TRUE,FALSE,TRUE,2025-10-26T10:30:00,2025-10-26T10:30:00
9e3d0b64-b8d3-4bfa-88b6-2c8c025ad522,addf1012-2f04-490d-8130-c513bf5773b2,1,Check for depth and width of trench,Text,TRUE,FALSE,TRUE,2025-10-26T10:30:00,2025-10-26T10:30:00
7d703fa2-d22c-4885-886c-7e769a128dff,addf1012-2f04-490d-8130-c513bf5773b2,2,Check the overlapping of strip at weld area in trench as per drawing,Text,TRUE,FALSE,TRUE,2025-10-26T10:30:00,2025-10-26T10:30:00
cb49e4c0-aee8-487d-9ddd-58fa4ccea374,addf1012-2f04-490d-8130-c513bf5773b2,3,Excavation of earth pits up to required depth as per applicable standard,Text,TRUE,FALSE,TRUE,2025-10-26T10:30:00,2025-10-26T10:30:00
5c632270-2659-4bb1-ae3c-3f4b14661794,addf1012-2f04-490d-8130-c513bf5773b2,4,Check for proper salt,Text,TRUE,FALSE,TRUE,2025-10-26T10:30:00,2025-10-26T10:30:00
d87302a4-be5b-4d45-bd41-c9918f2c504b,addf1012-2f04-490d-8130-c513bf5773b2,5,Check for Proper application of protective bituminous tape /paint,Text,TRUE,FALSE,TRUE,2025-10-26T10:30:00,2025-10-26T10:30:00
5bffa793-f109-420c-a628-5b4180ae8e35,addf1012-2f04-490d-8130-c513bf5773b2,6,Check for Clamping support of earth flats,Text,TRUE,FALSE,TRUE,2025-10-26T10:30:00,2025-10-26T10:30:00
c608cbbb-6a5c-46a7-9534-b816f53db1d9,addf1012-2f04-490d-8130-c513bf5773b2,7,Check for Earthing of fencing and gates,Text,TRUE,FALSE,TRUE,2025-10-26T10:30:00,2025-10-26T10:30:00
b91904df-be8e-40e7-8514-2431b15150b3,addf1012-2f04-490d-8130-c513bf5773b2,8,Check for Earthing of all equipment structure,Text,TRUE,FALSE,TRUE,2025-10-26T10:30:00,2025-10-26T10:30:00
1a134d20-8054-4141-ab56-aefa978708cf,addf1012-2f04-490d-8130-c513bf5773b2,9,Check for Table-to-Table Earthing continuity,Text,TRUE,FALSE,TRUE,2025-10-26T10:30:00,2025-10-26T10:30:00
8f6c6db0-f6f9-4dbd-af73-f6a9ba74e654,addf1012-2f04-490d-8130-c513bf5773b2,10,Check the dimensions of earthing flat and earthing cable size used as per drawing,Text,TRUE,FALSE,TRUE,2025-10-26T10:30:00,2025-10-26T10:30:00
ce917a0f-db42-48ae-b6fb-a94f92897047,addf1012-2f04-490d-8130-c513bf5773b2,11,Check for continuity of individual equipment earth with main grid earth,Text,TRUE,FALSE,TRUE,2025-10-26T10:30:00,2025-10-26T10:30:00
138a2511-8505-4b99-9fb7-5654beeadcdf,addf1012-2f04-490d-8130-c513bf5773b2,12,Check riser connection tightness,Text,TRUE,FALSE,TRUE,2025-10-26T10:30:00,2025-10-26T10:30:00
8eb5122c-75cd-4d70-b54a-c4c791fb8f08,addf1012-2f04-490d-8130-c513bf5773b2,13,Check all cutting edges,Text,TRUE,FALSE,TRUE,2025-10-26T10:30:00,2025-10-26T10:30:00
5f1c7d13-18ea-4cba-9087-d618f31abaa2,addf1012-2f04-490d-8130-c513bf5773b2,14,Individual Earth electrode resistance measurement,Text,TRUE,FALSE,TRUE,2025-10-26T10:30:00,2025-10-26T10:30:00
71a9dfcd-3a7e-49f3-9ecf-0609e7ef7cdb,addf1012-2f04-490d-8130-c513bf5773b2,15,Measurement of overall Earth Resistance,Text,TRUE,FALSE,TRUE,2025-10-26T10:30:00,2025-10-26T10:30:00